,0,1,2,3,4,5,6,7,8,9,10,11,12,13,14,15,16,17,18,19,20,21,22,23,24,25,26,27,28,29,30,31,32,33,34,35,36,37,38,39,40,41,42,43,44,45,46,47,48,49,50,51,52,53,54,55,56,57,58,59,60,61,62,63,64,65,66,67,68,69,70,71,72,73,74,75,76,77,78,79,80,81,82,83,84,85,86,87,88,89,90,91,92,93,94,95,96,97,98,99
50.0,,,,0.0,,,,,0.0,0.0,,,,,0.0,,,,,0.0,0.0,,,0.0,0.0,,0.0,,,,0.0,,,,,,0.0,,,,,,0.0,,0.0,,,,,,,,,0.0,,0.0,,,0.0,,,,0.0,,0.0,0.0,,0.0,,0.0,0.0,,,0.0,0.0,,0.0,,0.0,0.0,,,0.0,,,0.0,0.0,,,,0.0,,0.0,0.0,,0.0,0.0,,,
50.25125628140704,,,,0.0,,,,,0.0,0.0,,,,,0.0,,,,,0.0,0.0,,,0.0,0.0,,0.0,,,,0.0,,,,,,0.0,,,,,,0.0,,0.0,,,,,,,,,0.0,,0.0,,,0.0,,,,0.0,,0.0,0.0,,0.0,,0.0,0.0,,,0.0,0.0,,0.0,,0.0,0.0,,,0.0,,,0.0,0.0,,,,0.0,,0.0,0.0,,0.0,0.0,,,
50.50251256281407,,,,0.0,,,,,0.0,0.0,,,,,0.0,,,,,0.0,0.0,,,0.0,0.0,,0.0,,,,0.0,,,,,,0.0,,,,,,0.0,,0.0,,,,,,,,,0.0,,0.0,,,0.0,,,,0.0,,0.0,0.0,,0.0,,0.0,0.0,,,0.0,0.0,,0.0,,0.0,0.0,,,0.0,,,0.0,0.0,,,,0.0,,0.0,0.0,,0.0,0.0,,,
50.753768844221106,,,,0.0,,,,,0.0,0.0,,,,,0.0,,,,,0.0,0.0,,,0.0,0.0,,0.0,,,,0.0,,,,,,0.0,,,,,,0.0,,0.0,,,,,,,,,0.0,,0.0,,,0.0,,,,0.0,,0.0,0.0,,0.0,,0.0,0.0,,,0.0,0.0,,0.0,,0.0,0.0,,,0.0,,,0.0,0.0,,,,0.0,,0.0,0.0,,0.0,0.0,,,
51.00502512562814,,,,0.0,,,,,0.0,0.0,,,,,0.0,,,,,0.0,0.0,,,0.0,0.0,,0.0,,,,0.0,,,,,,0.0,,,,,,0.0,,0.0,,,,,,,,,0.0,,0.0,,,0.0,,,,0.0,,0.0,0.0,,0.0,,0.0,0.0,,,0.0,0.0,,0.0,,0.0,0.0,,,0.0,,,0.0,0.0,,,,0.0,,0.0,0.0,,0.0,0.0,,,
51.256281407035175,,,,0.0,,,,,0.0,0.0,,,,,0.0,,,,,0.0,0.0,,,0.0,0.0,,0.0,,,,0.0,,,,,,0.0,,,,,,0.0,,0.0,,,,,,,,,0.0,,0.0,,,0.0,,,,0.0,,0.0,0.0,,0.0,,0.0,0.0,,,0.0,0.0,,0.0,,0.0,0.0,,,0.0,,,0.0,0.0,,,,0.0,,0.0,0.0,,0.0,0.0,,,
51.50753768844221,,,,0.0,,,,,0.0,0.0,,,,,0.0,,,,,0.0,0.0,,,0.0,0.0,,0.0,,,,0.0,,,,,,0.0,,,,,,0.0,,0.0,,,,,,,,,0.0,,0.0,,,0.0,,,,0.0,,0.0,0.0,,0.0,,0.0,0.0,,,0.0,0.0,,0.0,,0.0,0.0,,,0.0,,,0.0,0.0,,,,0.0,,0.0,0.0,,0.0,0.0,,,
51.75879396984924,,,,0.0,,,,,0.0,0.0,,,,,0.0,,,,,6.083723021211571e-98,0.0,,,0.0,0.0,,0.0,,,,0.0,,,,,,0.0,,,,,,0.0,,0.0,,,,,,,,,0.0,,0.0,,,0.0,,,,0.0,,0.0,0.0,,0.0,,0.0,0.0,,,0.0,0.0,,0.0,,0.0,0.0,,,0.0,,,0.0,0.0,,,,0.0,,0.0,0.0,,0.0,0.0,,,
52.01005025125628,,,,0.0,,,,,0.0,0.0,,,,,0.0,,,,,6.821896435213964e-96,0.0,,,0.0,0.0,,0.0,,,,0.0,,,,,,0.0,,,,,,0.0,,0.0,,,,,,,,,0.0,,0.0,,,0.0,,,,0.0,,0.0,0.0,,0.0,,0.0,0.0,,,0.0,0.0,,0.0,,0.0,0.0,,,0.0,,,0.0,0.0,,,,0.0,,0.0,0.0,,0.0,0.0,,,
52.26130653266332,,,,0.0,,,,,0.0,0.0,,,,,0.0,,,,,7.520548525911741e-94,0.0,,,0.0,0.0,,0.0,,,,0.0,,,,,,0.0,,,,,,0.0,,0.0,,,,,,,,,0.0,,0.0,,,0.0,,,,0.0,,0.0,0.0,,0.0,,0.0,0.0,,,0.0,0.0,,0.0,,0.0,0.0,,,0.0,,,0.0,0.0,,,,0.0,,0.0,0.0,,0.0,0.0,,,
52.51256281407035,,,,0.0,,,,,0.0,0.0,,,,,0.0,,,,,8.065980090513447e-92,0.0,,,0.0,0.0,,0.0,,,,0.0,,,,,,0.0,,,,,,0.0,,0.0,,,,,,,,,0.0,,0.0,,,0.0,,,,0.0,,0.0,0.0,,0.0,,0.0,0.0,,,0.0,0.0,,0.0,,0.0,0.0,,,0.0,,,0.0,0.0,,,,0.0,,0.0,0.0,,0.0,0.0,,,
52.76381909547739,,,,0.0,,,,,0.0,0.0,,,,,0.0,,,,,8.422368485993337e-90,0.0,,,0.0,0.0,,0.0,,,,0.0,,,,,,1.3047689075849056e-80,,,,,,0.0,,0.0,,,,,,,,,0.0,,0.0,,,0.0,,,,0.0,,0.0,0.0,,0.0,,0.0,0.0,,,0.0,0.0,,0.0,,0.0,0.0,,,0.0,,,0.0,0.0,,,,0.0,,0.0,0.0,,0.0,0.0,,,
53.015075376884425,,,,0.0,,,,,0.0,0.0,,,,,0.0,,,,,8.567250077209477e-88,0.0,,,0.0,0.0,,0.0,,,,0.0,,,,,,8.197366772437643e-79,,,,,,0.0,,0.0,,,,,,,,,0.0,,0.0,,,0.0,,,,0.0,,0.0,0.0,,0.0,,0.0,0.0,,,0.0,0.0,,0.0,,0.0,0.0,,,0.0,,,0.0,0.0,,,,0.0,,0.0,0.0,,0.0,0.0,,,
53.266331658291456,,,,7.8115288882436895e-87,,,,,0.0,0.0,,,,,0.0,,,,,8.493910460379779e-86,0.0,,,0.0,0.0,,0.0,,,,0.0,,,,,,5.029114325919761e-77,,,,,,0.0,,0.0,,,,,,,,,0.0,,0.0,,,0.0,,,,0.0,,0.0,0.0,,0.0,,0.0,0.0,,,0.0,0.0,,0.0,,0.0,0.0,,,0.0,,,0.0,0.0,,,,0.0,,0.0,0.0,,0.0,0.0,,,
53.517587939698494,,,,9.949632963848477e-85,,,,,0.0,0.0,,,,,0.0,,,,,8.211468185890993e-84,0.0,,,0.0,0.0,,0.0,,,,0.0,,,,,,2.9877914624352286e-75,,,,,,0.0,,0.0,,,,,,,,,0.0,,0.0,,,0.0,,,,0.0,,0.0,0.0,,0.0,,0.0,0.0,,,0.0,0.0,,0.0,,0.0,0.0,,,0.0,,,0.0,0.0,,,,0.0,,0.0,0.0,,0.0,0.0,,,
53.768844221105525,,,,1.4118584635734237e-82,,,,,0.0,0.0,,,,,0.0,,,,,7.743204742441148e-82,0.0,,,0.0,0.0,,0.0,,,,0.0,,,,,,1.7194993964341416e-73,,,,,,0.0,,0.0,,,,,,,,,0.0,,0.0,,,0.0,,,,0.0,,0.0,0.0,,0.0,,0.0,0.0,,,0.0,0.0,,0.0,,0.0,0.0,,,0.0,,,0.0,0.0,,,,0.0,,0.0,0.0,,0.0,0.0,,,
54.02010050251256,,,,2.001100069568981e-80,,,,,0.0,0.0,,,,,0.0,,,,,7.123547909478216e-80,0.0,,,0.0,0.0,,0.0,,,,0.0,,,,,,9.590046329938606e-72,,,,,,0.0,,0.0,,,,,,,,,0.0,,0.0,,,0.0,,,,0.0,,0.0,0.0,,0.0,,0.0,0.0,,,0.0,0.0,,0.0,,0.0,0.0,,,0.0,,,0.0,0.0,,,,0.0,,0.0,0.0,,0.0,0.0,,,
54.2713567839196,,,,2.829386629683399e-78,,,,,0.0,0.0,,,,,0.0,,,,,6.394213073381031e-78,0.0,,,0.0,0.0,,0.0,,,,0.0,,,,,,5.1855268491697295e-70,,,,,,0.0,,0.0,,,,,,,,,0.0,,0.0,,,0.0,,,,0.0,,0.0,0.0,,0.0,,0.0,0.0,,,0.0,0.0,,0.0,,0.0,0.0,,,0.0,,,0.0,0.0,,,,0.0,,0.0,0.0,,0.0,0.0,,,
54.52261306532663,,,,3.9816042152243455e-76,,,,,0.0,0.0,,,,,0.0,,,,,5.600012647178149e-76,0.0,,,0.0,0.0,,0.0,,,,0.0,,,,,,2.719648645542567e-68,,,,,,0.0,,0.0,,,,,,,,,0.0,,0.0,,,0.0,,,,0.0,,0.0,0.0,,0.0,,0.0,0.0,,,0.0,0.0,,0.0,,0.0,0.0,,,0.0,,,0.0,0.0,,,,0.0,,0.0,0.0,,0.0,0.0,,,
54.77386934673367,,,,5.562013158524482e-74,,,,,0.0,0.0,,,,,0.0,,,,,4.784798406592954e-74,0.0,,,0.0,0.0,,0.0,,,,0.0,,,,,,1.3841173811937586e-66,,,,,,0.0,,0.0,,,,,,,,,0.0,,0.0,,,0.0,,,,0.0,,0.0,0.0,,0.0,,0.0,0.0,,,0.0,0.0,,0.0,,0.0,0.0,,,0.0,,,0.0,0.0,,,,0.0,,0.0,0.0,,0.0,0.0,,,
55.0251256281407,,,,7.690382131170103e-72,,,,,0.0,0.0,,,,,0.0,,,,,3.9879366188830685e-72,0.0,,,0.0,0.0,,0.0,,,,0.0,,,,,,6.8383561101908236e-65,,,,,,0.0,,0.0,,,,,,,,,0.0,,0.0,,,0.0,,,,0.0,,0.0,0.0,,0.0,,0.0,0.0,,,0.0,0.0,,0.0,,0.0,0.0,,,0.0,,,0.0,0.0,,,,0.0,,0.0,0.0,,0.0,0.0,,,
55.27638190954774,,,,1.0490926029792668e-69,,,,,0.0,0.0,,,,,0.0,,,,,3.2416360004863144e-70,0.0,,,0.0,0.0,,0.0,,,,0.0,,,,,,3.2809514169084764e-63,,,,,,0.0,,0.0,,,,,,,,,0.0,,0.0,,,0.0,,,,0.0,,0.0,0.0,,0.0,,0.0,0.0,,,0.0,0.0,,0.0,,0.0,0.0,,,0.0,,,0.0,0.0,,,,0.0,,0.0,0.0,,0.0,0.0,,,
55.527638190954775,,,,1.4070979012133363e-67,,,,,0.0,0.0,,,,,0.0,,,,,2.5693415574565287e-68,0.0,,,0.0,0.0,,0.0,,,,0.0,,,,,,1.5290656766452979e-61,,,,,,0.0,,0.0,,,,,,,,,0.0,,0.0,,,0.0,,,,0.0,,0.0,0.0,,0.0,,0.0,0.0,,,0.0,0.0,,0.0,,0.0,0.0,,,0.0,,,0.0,0.0,,,,0.0,,0.0,0.0,,0.0,0.0,,,
55.778894472361806,,,,1.8487484896744637e-65,,,,,0.0,0.0,,,,,0.0,,,,,1.9852658558155799e-66,0.0,,,0.0,0.0,,0.0,,,,0.0,,,,,,6.922863382012222e-60,,,,,,0.0,,0.0,,,,,,,,,0.0,,0.0,,,0.0,,,,0.0,,0.0,0.0,,0.0,,0.0,0.0,,,0.0,0.0,,0.0,,0.0,0.0,,,0.0,,,0.0,0.0,,,,0.0,,0.0,0.0,,0.0,0.0,,,
56.030150753768844,,,,2.3702655208252081e-63,,,,,0.0,0.0,,,,,0.0,,,,,1.4949672195853457e-64,0.0,,,0.0,0.0,,0.0,,,,0.0,,,,,,3.044882365276902e-58,,,,,,0.0,,0.0,,,,,,,,,0.0,,0.0,,,0.0,,,,0.0,,0.0,0.0,,5.9880430884286275e-64,,0.0,0.0,,,0.0,0.0,,0.0,,0.0,0.0,,,0.0,,,0.0,0.0,,,,0.0,,0.0,0.0,,0.0,0.0,,,
56.28140703517588,,,,2.9535894855630027e-61,,,,,0.0,0.0,,,,,0.0,,,,,1.096736545304178e-62,0.0,,,0.0,0.0,,0.0,,,,0.0,,,,,,1.3007803642544916e-56,,,,,,0.0,,0.0,,,,,,,,,0.0,,0.0,,,0.0,,,,0.0,,0.0,0.0,,4.853817317030714e-62,,0.0,0.0,,,0.0,0.0,,0.0,,0.0,0.0,,,0.0,,,0.0,0.0,,,,0.0,,0.0,0.0,,0.0,0.0,,,
56.53266331658291,,,,3.562642857442615e-59,,,,,0.0,0.0,,,,,0.0,,,,,7.834601007916097e-61,0.0,,,0.0,0.0,,0.0,,,,0.0,,,,,,5.395615281530359e-55,,,,,,0.0,,0.0,,,,,,,,,0.0,,0.0,,,0.0,,,,0.0,,0.0,0.0,,3.881866174787239e-60,,0.0,0.0,,,0.0,0.0,,0.0,,0.0,0.0,,,0.0,,,0.0,0.0,,,,0.0,,0.0,0.0,,0.0,0.0,,,
56.78391959798995,,,,4.142710463905722e-57,,,,,0.0,0.0,,,,,0.0,,,,,5.446083074650035e-59,0.0,,,0.0,0.0,,0.0,,,,0.0,,,,,,2.1720607816973153e-53,,,,,,0.0,,0.0,,,,,,,,,0.0,,0.0,,,0.0,,,,0.0,,0.0,0.0,,3.0326042185866856e-58,,0.0,0.0,,,0.0,0.0,,0.0,,0.0,0.0,,,0.0,,,0.0,0.0,,,,0.0,,0.0,0.0,,0.0,0.0,,,
57.03517587939699,,,,4.624992600449484e-55,,,,,0.0,0.0,,,,,0.0,,,,,3.6805663771726735e-57,0.0,,,0.0,0.0,,0.0,,,,0.0,,,,,,8.480694165015822e-52,,,,,,0.0,,0.0,,,,,,,,,0.0,,0.0,,,0.0,,,,0.0,,0.0,0.0,,2.310721879425191e-56,,0.0,0.0,,,0.0,0.0,,0.0,,0.0,0.0,,,0.0,,,0.0,0.0,,,,0.0,,0.0,0.0,,0.0,0.0,,,
57.28643216080402,,,,4.937335477299014e-53,,,,,0.0,0.0,,,,,0.0,,,,,2.4154751786692423e-55,0.0,,,0.0,0.0,,0.0,,,,0.0,,,,,,3.209290990136419e-50,,,,,,0.0,,0.0,,,,,,,,,0.0,,0.0,,,0.0,,,,0.0,,0.0,0.0,,1.71436656849589e-54,,0.0,0.0,,,0.0,0.0,,0.0,,0.0,0.0,,,0.0,,,0.0,0.0,,,,0.0,,0.0,2.8940967533074614e-62,,0.0,0.0,,,
57.537688442211056,,,,5.019939467562354e-51,,,,,0.0,0.0,,,,,0.0,,,,,1.5371524015101868e-53,0.0,,,0.0,0.0,,0.0,,,,0.0,,,,,,1.1761516499990341e-48,,,,,,0.0,,0.0,,,,,,,,,0.0,,0.0,,,0.0,,,,0.0,,0.0,0.0,,1.2361783430705307e-52,,0.0,0.0,,,0.0,0.0,,0.0,,0.0,0.0,,,0.0,,,0.0,0.0,,,,0.0,,0.0,3.9785599293380004e-60,,6.894515880349422e-53,0.0,,,
57.78894472361809,,,,4.842107846820562e-49,,,,,0.0,0.0,,,,,0.0,,,,,9.468904250189416e-52,0.0,,,0.0,0.0,,0.0,,,,0.0,,,,,,4.1709395186552484e-47,,,,,,0.0,,0.0,,,,,,,,,0.0,,0.0,,,0.0,,,,0.0,,0.0,0.0,,8.645869342410192e-51,,0.0,0.0,,,0.0,0.0,,0.0,,0.0,0.0,,,0.0,,,0.0,0.0,,,,0.0,,0.0,5.191789080587649e-58,,6.967200003220207e-51,0.0,,,
58.040201005025125,,,,4.414175789899077e-47,,,,,0.0,0.0,,,,,0.0,,,,,5.634737696655252e-50,0.0,,,0.0,0.0,,0.0,,,,0.0,,,,,,1.4300591621747018e-45,,,,,,0.0,,0.0,,,,,,,,,0.0,,0.0,,,0.0,,,,0.0,,0.0,0.0,,5.85258317427494e-49,,0.0,0.0,,,0.0,0.0,,0.0,,0.0,0.0,,,0.0,,,0.0,0.0,,,,0.0,,0.0,6.470704147334838e-56,,6.981421268678158e-49,0.0,,,
58.29145728643216,,,,3.789140939772517e-45,,,,,0.0,0.0,,,,,0.0,,,,,3.231896186848287e-48,0.0,,,0.0,0.0,,0.0,,,,0.0,,,,,,4.736522723360588e-44,,,,,,0.0,,0.0,,,,,,,,,0.0,,0.0,,,0.0,,,,0.0,,0.0,0.0,,3.8255436209537067e-47,,0.0,0.0,,,0.0,0.0,,0.0,,0.0,0.0,,,0.0,,,0.0,0.0,,,,0.0,,9.936432719317544e-46,7.679911451264154e-54,,6.508331714170735e-47,0.0,,,
58.54271356783919,,,,3.0517958506838517e-43,,,,,0.0,0.0,,,,,0.0,,,,,1.782318957337932e-46,0.0,,,0.0,0.0,,0.0,,,,0.0,,,,,,1.514243150981659e-42,,,,,,0.0,,0.0,,,,,,,,,0.0,,0.0,,,0.0,,,,0.0,,0.0,0.0,,2.408662405032966e-45,,0.0,0.0,,,0.0,0.0,,0.0,,0.0,0.0,,,0.0,,,0.0,0.0,,,,0.0,,3.907180289371837e-44,8.654280126319734e-52,,5.637121149926108e-45,0.0,,,
58.79396984924623,,,,2.298233914762927e-41,,,,,0.0,0.0,,,,,0.0,,,,,9.426079643647026e-45,0.0,,,0.0,0.0,,0.0,,,,0.0,,,,,,4.668938751498284e-41,,,,,,0.0,,0.0,,,,,,,,,0.0,,0.0,,,0.0,,,,0.0,,0.0,0.0,,1.4570127917330634e-43,,0.0,0.0,,,0.0,0.0,,0.0,,0.0,0.0,,,0.0,,,0.0,0.0,,,,0.0,,1.4345976341535675e-42,9.231286437929598e-50,,4.52822708550766e-43,0.0,,,
59.04522613065326,,,,1.6129149413909935e-39,,,,,0.0,0.0,,,,,0.0,,,,,4.767919322756384e-43,0.0,,,0.0,0.0,,0.0,,,,0.0,,,,,,1.3873736736152464e-39,,,,,,0.0,,0.0,,,,,,,,,0.0,,0.0,,,0.0,,,,0.0,,1.3934409939897814e-32,0.0,,8.44426198965503e-42,,0.0,1.945458712053782e-46,,,0.0,0.0,,0.0,,0.0,0.0,,,0.0,,,0.0,0.0,,,,0.0,,5.026681235673537e-41,9.292288898064289e-48,,3.3675724172270294e-41,0.0,,,
59.2964824120603,,,,1.0515167860053599e-37,,,,,0.0,0.0,,,,,0.0,,,,,2.3003533184952565e-41,0.0,,,0.0,0.0,,0.0,,,,0.0,,,,,,3.9700186910129747e-38,,,,,,0.0,,0.0,,,,,,,,,0.0,,0.0,,,0.0,,,,0.0,,4.08529385234808e-31,0.0,,4.675398173817607e-40,,0.0,9.598783489206503e-45,,,0.0,0.0,,0.0,,0.0,0.0,,,0.0,,,0.0,0.0,,,,0.0,,1.679264451302732e-39,8.799783784885411e-46,,2.3145579264253076e-39,0.0,,,
59.54773869346734,,,,6.348515641769711e-36,,,,,0.0,0.0,,,,,0.0,,,,,1.0557029522346592e-39,0.0,,,0.0,0.0,,0.0,,,,0.0,,,,,,1.0931591992831688e-36,,,,,,0.0,,0.0,,,,,,,,,0.0,,0.0,,,0.0,,,,0.0,,1.1139495499340695e-29,0.0,,2.465623351621659e-38,,0.0,4.540905630832469e-43,,,0.0,0.0,,0.0,,0.0,0.0,,,0.0,,,0.0,0.0,,,,0.0,,5.344747257431871e-38,7.815540998328993e-44,,1.4676905167615822e-37,0.0,,,
59.798994974874375,,,,3.5391394857117416e-34,,,,,2.547918137204446e-29,0.0,,,,,0.0,,,,,4.5961572175700924e-38,0.0,,,0.0,0.0,,0.0,,,,0.0,,,,,,2.894143817004642e-35,,,,,,0.0,,0.0,,,,,,,,,0.0,,0.0,,,0.0,,,,0.0,,2.8600865962530555e-28,0.0,,1.2346064698138444e-36,,0.0,2.0755443933689662e-41,,,0.0,0.0,,0.0,,0.0,0.0,,,0.0,,,0.0,0.0,,,,0.0,,1.6195535308770743e-36,6.489720310701824e-42,,8.571904279268711e-36,0.0,,,
60.050251256281406,,,,1.8166241020896596e-32,,,,,7.808108096750419e-28,0.0,,,,,0.0,,,,,1.8932072477900738e-36,0.0,,,0.0,0.0,,0.0,,,,0.0,,,,,,7.360892577802135e-34,,,,,,0.0,,0.0,,,,,,,,,0.0,,0.0,,,0.0,,,,0.0,,6.902080480854406e-27,0.0,,5.850897442553252e-35,,0.0,9.149518946713847e-40,,,0.0,0.0,,0.0,,0.0,0.0,,,0.0,,,0.0,0.0,,,,0.0,,4.6688848781270103e-35,5.022425656682873e-40,,4.603264658707322e-34,0.0,,,
60.30150753768844,,,,8.562495933275935e-31,,,,,2.067564644392026e-26,0.0,,,,,0.0,,,,,7.359045812540174e-35,0.0,,,0.0,0.0,,0.0,,,,0.0,,,,,,1.7968136465815163e-32,,,,,,0.0,,0.0,,,,,,,,,0.0,,0.0,,,0.0,,,,0.0,,1.563055502307869e-25,0.0,,2.6155955141984547e-33,,0.0,3.882561244767979e-38,,,0.0,0.0,,0.0,,0.0,0.0,,,0.0,,,0.0,0.0,,,,0.0,,1.2795596851082408e-33,3.6113318813285556e-38,,2.269231802420246e-32,0.0,,,
60.552763819095475,,,,3.696430670940907e-29,,,,,5.032651725940652e-25,0.0,,,,,0.0,,,,,2.692552184572787e-33,0.0,,,0.0,0.0,,0.0,,,,0.0,,,,,,4.205078965594148e-31,,,,,,0.0,,0.0,,,,,,,,,2.2333575347788476e-37,,0.0,,,0.0,,,,0.0,,3.316550368667492e-24,0.0,,1.0992776144724018e-31,,1.1709591293781105e-37,1.5826536630371036e-36,,,0.0,0.0,,0.0,,0.0,1.0553772543778539e-34,,,0.0,,,0.0,0.0,,,,0.0,,3.331176854470031e-32,2.4051688879112142e-36,,1.0251905885628176e-30,0.0,,,
60.80402010050251,,,,1.4579507480264227e-27,,,,,1.125377969437181e-23,0.0,,,,,0.0,,,,,9.250312666042418e-32,0.0,,,0.0,0.0,,0.0,,,,0.0,,,,,,9.423595875613902e-30,,,,,,0.0,,0.0,,,,,,,,,1.1646409688715925e-35,,0.0,,,0.0,,,,0.0,,6.583452466926646e-23,0.0,,4.3286239792569594e-30,,4.672482538930203e-36,6.183130625936681e-35,,,0.0,0.0,,0.0,,0.0,6.711149477556675e-33,,,0.0,,,0.0,0.0,,,,0.0,,8.231068256237486e-31,1.4791954423146005e-34,,4.237824468155527e-29,0.0,,,
61.05527638190955,,,,5.241601271201363e-26,,,,,2.310446035879633e-22,0.0,,,,,0.0,,,,,2.9768760714333276e-30,0.0,,,0.0,0.0,,0.0,,,,0.0,,,,,,2.0194390640508812e-28,,,,,,0.0,,0.0,,,,,,,,,5.4967313465364155e-34,,0.0,,,0.0,,,,0.0,,1.2207278707217614e-21,0.0,,1.5915049402804163e-28,,1.7582663212669411e-34,2.3094427261784406e-33,,,0.0,0.0,,0.0,,0.0,3.8072559153621468e-31,,,0.0,,,0.0,0.0,,,,0.0,,1.9285509960624194e-29,8.375516147311145e-33,,1.600317238759574e-27,0.0,,,
61.30653266331658,,,,1.7138762960597436e-24,,,,,4.3526102629342795e-21,0.0,,,,,0.0,,,,,8.953066316664409e-29,0.0,,,0.0,0.0,,0.0,,,,0.0,,,,,,4.131790135853056e-27,,,,,,0.0,,0.0,,,,,,,,,2.4013886419171023e-32,,0.0,,,0.0,,,,0.0,,2.1111717196410205e-20,0.0,,5.4449702419070226e-27,,6.244310344198785e-33,8.224699139609367e-32,,,0.0,0.0,,0.0,,0.0,1.9619617215998784e-29,,,0.0,,,0.0,0.0,,,,0.0,,4.2803032138718e-28,4.353525536869647e-31,,5.512132006115224e-26,0.0,,,
61.55778894472362,,,,5.0859598687194673e-23,,,,,7.520501177426382e-20,0.0,,,,,0.0,,,,,2.510824584945725e-27,0.0,,,0.0,0.0,,0.0,,,,0.0,,,,,,8.057132099455859e-26,,,,,,0.0,,0.0,,,,,,,,,9.692664629445628e-31,,0.0,,,0.0,,,,0.0,,3.400162042555585e-19,0.0,,1.7275888956619109e-25,,2.0893571971568956e-31,2.784879684705452e-30,,,0.0,0.0,,0.0,,0.0,9.16397366062511e-28,,,0.0,,,0.0,0.0,,,,0.0,,8.988579995260654e-27,2.0715260651558606e-29,,1.7291139840666598e-24,0.0,,,
61.80904522613065,,,,1.3670279232333785e-21,,,,,1.191232671251821e-18,0.0,,,,,0.0,,,,,6.551689082064621e-26,0.0,,,0.0,0.0,,0.0,,,,0.0,,,,,,1.494583648890846e-24,,,,,,0.0,,0.0,,,,,,,,,3.6072805296112506e-29,,0.0,,,0.0,,,,0.0,,5.091684485273134e-18,0.0,,5.066344461027686e-24,,6.574677988712337e-30,8.938304638271364e-29,,,0.0,0.0,,0.0,,0.0,3.8724239701525426e-26,,,0.0,,,0.0,0.0,,,,0.0,,1.7837576827227225e-25,8.998687433782354e-28,,4.9325722766672495e-23,0.0,,,
62.06030150753769,,,,3.321809661785121e-20,,,,,1.7291383908088126e-17,0.0,,,,,0.0,,,,,1.5873515054250984e-24,0.0,,,0.0,0.0,,0.0,,,,0.0,,,,,,2.6317671829301022e-23,,,,,,0.0,,0.0,,,,,,,,,1.235543196591466e-27,,0.0,,,0.0,,,,0.0,,7.077823797297806e-17,0.0,,1.3688105690257055e-22,,1.9418765340139669e-28,2.710773765056012e-27,,,0.0,0.0,,0.0,,0.0,1.47775568014432e-24,,,0.0,,,0.0,0.0,,,,0.0,,3.3405237981327415e-24,3.5593758471284203e-26,,1.277733774730871e-21,0.0,,,
62.311557788944725,,,,7.284425606215463e-19,,,,,2.299297781368097e-16,0.0,,,,,0.0,,,,,3.5636744261804373e-23,0.0,,,0.0,0.0,,2.9227907746195615e-29,,,,0.0,,,,,,4.389230688519689e-22,,,,,,0.0,,0.0,,,,,,,,,3.887920393426762e-26,,0.0,,,0.0,,,,0.0,,9.117514595885006e-16,0.0,,3.396343980699561e-21,,5.3722840584217065e-27,7.742779128717025e-26,,,0.0,0.0,,0.0,,0.0,5.0836844800336325e-23,,,0.0,,,0.0,0.0,,,,0.0,,5.895032758817664e-23,1.2787628758684687e-24,,3.0013187918442404e-20,0.0,,,
62.562814070351756,,,,1.439187788216554e-17,,,,,2.8000003595278932e-15,0.0,,,,,0.0,,,,,7.399145725267794e-22,0.0,,,0.0,0.0,,1.5168863718318935e-27,,,,0.0,,,,,,6.916986690271083e-21,,,,,,0.0,,0.0,,,,,,,,,1.1221526900721258e-24,,0.0,,,0.0,,,,0.0,,1.0864832330717605e-14,0.0,,7.715636022867314e-20,,1.3891620215830044e-25,2.075880469611229e-24,,,0.0,0.0,,0.0,,6.737767565610421e-23,1.573848573635609e-21,,,0.0,,,0.0,0.0,,,,0.0,,9.787409030921091e-22,4.1628780487607127e-23,,6.384008376334857e-19,0.0,,,
62.814070351758794,,,,2.5578049966332067e-16,,,,,3.121743215151859e-14,0.0,,,,,0.0,,,,,1.4181057509744955e-20,0.0,,,0.0,4.417979051485605e-18,,7.189202368886469e-26,,,,0.0,,,,,,1.0274663633381524e-19,,,,,,0.0,,0.0,,,,,,,,,2.9662340020242313e-23,,0.0,,,0.0,,,,0.0,,1.1954756925543239e-13,0.0,,1.600100330282992e-18,,3.3499689555297915e-24,5.2061672017691595e-23,,,0.0,0.0,,0.0,,1.993652003463833e-21,4.3774454513604143e-20,,,0.0,,,0.0,0.0,,,,0.0,,1.526300846378473e-20,1.2251852575866967e-21,,1.2280229965730264e-17,0.0,,,
63.065326633165824,,,,4.083374492384744e-15,,,,,3.1856820819441384e-13,0.0,,,,,0.0,,,,,2.5043505659702006e-19,0.0,,,0.0,4.7297464493621187e-17,,3.0648468629387792e-24,,,,0.0,,,,,,1.4349906662117862e-18,,,,,,0.0,,0.0,,,,,,,,,7.17076732449376e-22,,0.0,,,0.0,,,,0.0,,1.2122837581716534e-12,0.0,,3.020765781756574e-17,,7.51694080469596e-23,1.217127824339197e-21,,,0.0,7.276122193391074e-22,,0.0,,5.1953554250560375e-20,1.0920096392860352e-18,,,0.0,,,0.0,0.0,,,,0.0,,2.231801551006369e-19,3.252982885765193e-20,,2.1334934826237956e-16,0.0,,,
63.31658291457286,,,,5.847828384565424e-14,,,,,2.9748972193091797e-12,0.0,,,,,0.0,,,,,4.068067775437404e-18,0.0,,,0.0,8.0686376692728735e-16,,1.1702085952509214e-22,,,,0.0,,,,,,1.879564047570767e-17,,,,,,0.0,,0.0,,,,,,,,,1.5832785300191406e-20,,0.0,,,0.0,,,,0.0,,1.1307523234345294e-11,0.0,,5.1774742540998e-16,,1.565898780248555e-21,2.6432805862967723e-20,,,0.0,1.2062947307460178e-20,,0.0,,1.2297510895061852e-18,2.4392781420586498e-17,,,0.0,,,0.0,1.1184514097548176e-23,,,,0.0,,3.0545298816435848e-18,7.775906861836566e-19,,3.343538193957473e-15,0.0,,,
63.5678391959799,,,,7.503492037084569e-13,,,,,2.5416084610616856e-11,0.0,,,,,0.0,,,,,6.068284785317829e-17,0.0,,,0.0,1.2164244146007054e-14,,3.990116669053472e-21,,,,0.0,,,,,,2.3029614802213083e-16,,,,,,0.0,,0.0,,,,,,,,,3.1888455229719634e-19,,0.0,,,0.0,,,,0.0,,9.682135612536794e-11,0.0,,8.03611045685216e-15,,3.0214739887562945e-20,5.314115525632738e-19,,,0.0,2.27427972056935e-19,,0.0,,2.636550645688245e-17,4.870923201281188e-16,,,0.0,,,0.0,3.1180843550458446e-22,,,,0.0,,3.905905564270831e-17,1.6702264334862234e-17,,4.7209414458685887e-14,0.0,,,
63.81909547738694,,,,8.61675198385132e-12,,,,,1.9861690310544592e-10,0.0,,,,,0.0,,,,,8.29922844607295e-16,0.0,,,0.0,1.638793849473418e-13,,1.2116607037886101e-19,,,,0.0,,,,,,2.6329471100484286e-15,,,,,,0.0,,0.0,,,,,,,,,5.851489546421599e-18,,0.0,,,4.0667486802840384e-20,,,,0.0,,7.59542390098764e-10,0.0,,1.1268261951853639e-13,,5.38798227315437e-19,9.856103901852834e-18,,,0.0,3.942834027188736e-18,,0.0,,5.106389501275926e-16,8.680929090367473e-15,,,0.0,,,0.0,8.176208903684932e-21,,,,0.0,,4.657934888085989e-16,3.217860811642529e-16,,5.998668424966266e-13,0.0,,,
64.07035175879398,,,,8.84711245051857e-11,,,,,1.4193673398867651e-09,0.0,,,,,0.0,,,,,1.0390679380363216e-14,2.0999713526335277e-20,,,0.0,1.971460420858756e-12,,3.2685346054069467e-18,,,,0.0,,,,,,2.801858327894966e-14,,,,,,0.0,,0.0,,,,,,,,,9.77100135620228e-17,,0.0,,,7.92891162898319e-19,,,,0.0,,5.448188195900048e-09,0.0,,1.424187765410183e-12,,8.85974736117323e-18,1.6807162735477753e-16,,,0.0,6.256245657444368e-17,,0.0,,8.910504813748844e-15,1.378542145964414e-13,,,0.0,,,7.885886422578443e-15,1.9443584541213566e-19,,,,0.0,,5.170832413484708e-15,5.55116560861762e-15,,6.851749236955732e-12,0.0,,,
64.321608040201,,,,8.114326517853868e-10,,,,,9.273340219313363e-09,0.0,,,,,0.0,,,,,1.189204190444077e-13,3.587004169783676e-19,,,0.0,2.117054858796564e-11,,7.814433948117093e-17,,,,8.893069492247003e-19,,,,,,2.768514043618812e-13,,,,,,0.0,,0.0,,,,,,,,,1.4829856586600579e-15,,0.0,,,1.8054050892088356e-17,,,,0.0,,3.566383471496576e-08,0.0,,1.6190224818460133e-11,,1.3404857245207553e-16,2.6263703810982167e-15,,,0.0,9.075945825192164e-16,,0.0,,1.3972156714347437e-13,1.9474763164098554e-12,,,0.0,,,1.9196609508875737e-13,4.187159804282617e-18,,,,0.0,,5.333632883454293e-14,8.561035526430972e-14,,7.027571357483557e-11,0.0,,,
64.57286432160804,,,,6.642944263587792e-09,,,,,5.537560494540428e-08,0.0,,,,,0.0,,,,,1.2424487902198017e-12,7.351920019168919e-18,,,0.0,2.0289593467243092e-10,,1.6523264452077732e-15,,,,2.0628089602199812e-17,,,,,,2.5340936596379347e-12,,,,,,0.0,,0.0,,,,,,,,,2.0433453535088136e-14,,0.0,,,3.7542027595910364e-16,,,,0.0,,2.126471637874196e-07,0.0,,1.6521485283087953e-10,,1.8622285670886423e-15,3.7487157254746487e-14,,,1.9848362645558315e-21,1.2024708332898363e-14,,0.0,,1.9636835466673063e-12,2.443598922775098e-11,,,0.0,,,3.173097835311129e-12,8.150261564012409e-17,,,,0.0,,5.102512912962221e-13,1.1785126080697187e-12,,6.465825594543008e-10,0.0,,,
64.82412060301507,,,,4.8510905157101506e-08,,,,,3.0213486184843e-07,0.0,,,,,0.0,,,,,1.1834371515162323e-11,1.3836099197320955e-16,,,0.0,1.7353397969821195e-09,,3.0839628027188e-14,,,,3.9331912557762433e-16,,,,,,2.1438195053997543e-11,,,,,,0.0,,0.0,,,,,,,,,2.552858587728783e-13,,0.0,,,7.002735523362659e-15,,,,0.0,,1.152808596356564e-06,0.0,,1.5106004523937435e-09,,2.3705417438864876e-14,4.87198516222236e-13,,,5.600333524501619e-20,1.4534857370820277e-13,,0.0,,2.467258146914144e-11,2.71901749335412e-10,,,0.0,,,4.581802870906196e-11,1.4312546285395888e-15,,,,0.0,,4.5190987924875684e-12,1.4460614660550023e-11,,5.3313430214390094e-09,0.0,,,
65.07537688442211,,,,3.158286570324657e-07,,,,,1.505629798935273e-06,1.018392572020498e-16,,,,,0.0,,,,,1.0264163614394621e-10,2.379506496238255e-15,,,0.0,1.3246065454477674e-08,,5.071915875183674e-13,,,,6.763753457274286e-15,,,,,,1.672618015895185e-10,,,,,,0.0,,0.0,,,,,,,,,2.888378270242537e-12,,0.0,,,1.1684672730932707e-13,,,,0.0,,5.672418909775932e-06,1.0248415871390194e-11,,1.235394984480242e-08,,2.7596350171642357e-13,5.747791762002048e-12,,,1.454990423272586e-18,1.6012390983738114e-12,,0.0,,2.7643791290095583e-10,2.6788779550279544e-09,,,0.0,,,5.753225012692149e-10,2.2633079431459743e-14,,,,0.0,,3.6986542201879284e-11,1.5794227950606197e-10,,3.935897558298269e-08,0.0,,,
65.32663316582915,,,,1.8323525325447423e-06,,,,,6.849776015322148e-06,1.6257738279804817e-15,,,,,0.0,,,,,8.096789511487205e-10,3.72654949499491e-14,,,1.6218431266693586e-08,9.024901534943925e-08,,7.338164105042024e-12,,,,1.0447798163094065e-13,,,,,,1.2010029002112696e-09,,,,,,0.0,,0.0,,,,,,,,,2.955795812056198e-11,,0.0,,,1.7393588698612904e-12,,,,9.568821938443017e-15,,2.5291950055749866e-05,5.733793081320069e-11,,9.022481874504566e-08,,2.932401862672482e-12,6.137444376585898e-11,,,3.398983845054667e-17,1.606062627088373e-11,,0.0,,2.7551522216738834e-09,2.333500937897379e-08,,,0.0,,,6.273829062398227e-09,3.216947361964907e-13,,,,0.0,,2.7924802117083245e-10,1.5336178627783937e-09,,2.5993687446743775e-07,2.980990480148181e-10,,,
65.57788944723617,,,,9.470496379539239e-06,,,,,2.843463676834854e-05,2.723219821664133e-14,,,,,0.0,,,,,5.802895346841937e-09,5.2963771356201e-13,,,1.3785666576689547e-07,5.489673090916198e-07,,9.326554905418961e-11,,,,1.446719121026757e-12,,,,,,7.920838661896822e-09,,,,,,0.0,,0.0,,,,,,,,,2.7323023079883224e-10,,0.0,,,2.303755897196115e-11,,,,2.3284133383544677e-13,,0.00010203156643182304,5.364555448048963e-10,,5.875903032747383e-07,,2.839060466503041e-11,5.914692609996938e-10,,,7.120285708139695e-16,1.465099412187996e-10,,0.0,,2.436731576892512e-08,1.7945623188180535e-07,,,0.0,,,5.934410514361768e-08,4.102185716415283e-12,,,,0.0,,1.9415044564630824e-09,1.3222762398212864e-08,,1.5344521026676297e-06,3.884146436912244e-09,,,
65.82914572864321,,,,4.359652505928853e-05,,,,,0.00010763848014850224,4.023254111551768e-13,,,,,0.0,,,,,3.7747095650891484e-08,6.807879798572924e-12,,,1.0082458104127844e-06,2.9820866407303127e-06,,1.0399157370611684e-09,,,,1.792102472683816e-11,,,,,,4.7892488660325564e-08,,,,,,0.0,,0.0,,,,,,,,,2.278512905917679e-09,,0.0,,,2.707898012453938e-10,,,,4.660016284021749e-12,,0.0003718851317846621,4.516302869865315e-09,,3.407781661756972e-06,,2.500054570620009e-10,5.130375651260943e-09,,,1.3338805892796231e-14,1.2141818378802177e-09,,0.0,,1.9079250030832809e-07,1.2167954598019493e-06,,,0.0,,,4.86370240948571e-07,4.684488823129437e-11,,,,0.0,,1.2409598903189093e-08,1.0111643988997227e-07,,8.090336216942378e-06,3.462427319928303e-08,,,
66.08040201005025,,,,0.00017873233033148365,,,,,0.00037130609340868396,5.2653333065536866e-12,,,,,0.0,,,,,2.226518424217921e-07,7.88719698749986e-11,,,6.546840087988643e-06,1.4471208621558055e-05,,1.0160083413138273e-08,,,,1.9817909887731354e-10,,,,,,2.650165632328147e-07,,,,,,0.0,,0.0,,,,,,,,,1.7118881460823568e-08,,3.52387108204447e-14,,,2.817593010311056e-09,,,,7.972742439110722e-11,,0.0012230355682864306,3.411556191863359e-08,,1.757894758037989e-05,,1.9990539819587397e-09,3.99485610530576e-08,,,2.2284890321376887e-13,9.130492091130957e-09,,0.0,,1.31952174260701e-06,7.264988280303915e-06,,,0.0,,,3.450335914309523e-06,4.781874807024305e-10,,,,0.0,,7.280204392607386e-08,6.850958810945985e-07,,3.807116895961471e-05,2.788944708606153e-07,,,
66.33165829145729,,,,0.0006525734903869343,,,,,0.001166263935465382,6.100859922399604e-11,,,,,0.0,,,,,1.1898788999426859e-06,8.208039126659732e-10,,,3.706181851627262e-05,6.27560027945169e-05,,8.688575681107198e-08,,,,1.9524235612808163e-09,,,,,,1.339928903947748e-06,,,,,,0.0,,0.0,,,,,,,,,1.1572760837206427e-07,,3.5629183054629693e-13,,,2.5888533044859038e-08,,,,1.167482395887494e-09,,0.0036250195430763965,2.309671851111051e-07,,8.056909950919225e-05,,1.4491298084668625e-08,2.7854758351009117e-07,,,3.311196220882524e-12,6.222173364834542e-08,,0.0,,8.043049311460511e-06,3.815067062182854e-05,,,0.0,,,2.1167222589722918e-05,4.3556058664599755e-09,,,,0.0,,3.9140073855494655e-07,4.108393460237657e-06,,0.00015979133946590588,1.9743660386489246e-06,,,
66.58291457286433,,,,0.002122161539956992,,,,,0.0033325536297169637,6.255106101914233e-10,,,,,0.0,,,,,5.756723160272122e-06,7.64723687399566e-09,,,0.00018286281253197017,0.0002432967885880588,,6.497247360119549e-07,,,,1.710133190563825e-08,,,,,,6.180777709020432e-06,,,,,,1.779229245072678e-05,,0.0,,,,,,,,,7.030441939179652e-07,,5.143802742537141e-12,,,2.0955027330192503e-07,,,,1.4593193445022174e-08,,0.009672943904904155,1.3994384745341855e-06,,0.00032778145135303955,,9.509005447426706e-08,1.73501910699233e-06,,,4.363760507868559e-11,3.8373297184625673e-07,,0.0,,4.311839804575492e-05,0.00017601801232923936,,,0.0,,,0.00011220781179120836,3.533892070489534e-08,,,,0.0,,1.9255344141852746e-06,2.1785585089939577e-05,,0.0005978212386475912,1.2262337747138563e-05,,,
66.83417085427135,,,,0.0061480939448884196,,,,,0.008654649011356179,5.672152302470052e-09,,,,,0.0,,,,,2.5196417143086025e-05,6.357379042533797e-08,,,0.0007851531791237809,0.0008435654666095249,,4.244837123691895e-06,,,,1.3291183508103924e-07,,,,,,2.5975516755330636e-05,,,,,,9.351767328639699e-05,,3.1670583492039584e-05,,,,,,,,,3.8333141668444446e-06,,6.505638896131187e-11,,,1.4908283658837746e-06,,,,1.553035557269427e-07,,0.02321510550912623,7.578338246318366e-06,,0.0011827186956717656,,5.639928223353234e-07,9.632202680938703e-06,,,5.087237026621401e-10,2.138520968213153e-06,,0.0,,0.00020289743653967133,0.00071283212058005,,,0.0,,,0.0005136124551494787,2.5495899066341266e-07,,,,0.0018513350079076931,,8.656201684144359e-06,0.0001020591439278083,,0.0019925422414340485,6.66323013531582e-05,,,
67.08542713567839,,,,0.015872534054110418,,,,,0.02040583165594826,4.547233132811115e-08,,,,,1.1895747686431375e-06,,,,,9.970565000954446e-05,4.700468612405242e-07,,,0.0029294081953246064,0.0026168359468258942,,2.4210598612341337e-05,,,,9.14825614253289e-07,,,,,,9.933695313328059e-05,,,,,,0.0004676748767680501,,0.0001794666397882243,,,,,,,,,1.87368118940978e-05,,7.279321359416237e-10,,,9.301956938813498e-06,,,,1.4037450364901726e-06,,0.050070568781443454,3.662993178197723e-05,,0.003782303508704406,,3.0193623545868247e-06,4.75580034825396e-05,,,5.232656849472066e-09,1.0752556585277317e-05,,0.0,,0.0008364619894891872,0.0025318198235262596,,,0.0,,,0.0020288399736031874,1.6329747373057207e-06,,,,0.006664806028467695,,3.5512459043678776e-05,0.00042203865961492406,,0.005913479327480827,0.00031593592517251373,,,
67.33668341708542,,,,0.03653120644175809,,,,,0.04363151215683974,3.221600754688847e-07,,,,,9.692831448203342e-06,,,,,0.00035651370986057487,3.0810562686936406e-06,,,0.009484208829993318,0.00726582442041235,,0.00012046540980350525,,,,5.566047412961386e-06,,,,,,0.00034530926746396913,,,,,,0.0019548452272848756,,0.0007917645873009896,,,,,,,,,8.200795088513509e-05,,7.190316105935282e-09,,,5.079501741465345e-05,,,,1.0752231893615634e-05,,0.09697921303379706,0.0001578266473507411,,0.010714248645557237,,1.4570619512696095e-05,0.00020840581254096788,,,4.736889868766034e-08,4.8697031981182444e-05,,0.0,,0.0030158365177344625,0.007881131810809133,,,0.0,,,0.006912867701738589,9.270136312579135e-06,,,,0.020364685086984625,,0.00013279362107021647,0.0015393082126243774,,0.01562013281680753,0.001303813449956763,,,
67.58793969849246,,,,0.07498881637632754,,,,,0.08450242020587977,2.016415828352776e-06,,,,,5.943468010739231e-05,,,,,0.0011513213815245431,1.7847970042448864e-05,,,0.026610109981352208,0.01806423801856562,,0.000522594742223762,,,,2.9882468869026642e-05,,,,,,0.0010900355945269067,,,,,,0.007031934993496073,,0.002998148570579747,,,,,,,,,0.0003210663861804531,,6.258004907880462e-08,,,0.00024227426620247657,,,,6.965097648391548e-05,,0.16857377176658722,0.0006054298393584113,,0.026872406761333203,,6.33000420703684e-05,0.0008090003063592777,,,3.76486756850474e-07,0.00019830481836809294,,9.619110172267428e-05,,0.009494079949115334,0.021488471321880746,,,0.0,,,0.0203104123716442,4.6572075069356094e-05,,,,0.0536887152293231,,0.0004520797314870516,0.0049482465605102275,,0.03670846907995751,0.0046719554356717,,,
67.8391959798995,,,,0.13736549024794606,,,,,0.14805460502521223,1.1146749046122427e-05,,,,,0.00030528013229364073,,,,,0.003356591615864358,9.109166122401776e-05,,,0.06462187175070572,0.0402305479501099,,0.0019755026170933873,,,,0.00014132264285334712,,,,,,0.0031221266709622938,,,,,,0.02164909625318205,,0.009828437743696282,,,,,,,,,0.0011232726807394071,,4.790054077761757e-07,,,0.0010074427275011666,,,,0.00038087128397593415,,0.2628404674112731,0.002065204404640976,,0.05965638069120947,,0.00024726251582650883,0.0027768944773149777,,,2.6211626613788062e-06,0.0007248177907237529,,0.00028433847679029504,,0.026057372247773807,0.05129689643858253,,,3.221295515216035e-06,,,0.05144413740922139,0.00020676039702107943,,,,0.11959624151083696,,0.0013996564546790663,0.01400986446604161,,0.07672739990093908,0.014503823370548204,,,
68.09045226130652,,,,0.22468238141128455,,,,,0.23437181994840503,5.440849511692801e-05,,,,,0.0013395052478169373,,,,,0.008831364717892283,0.00040839402600881036,,,0.13567533541681898,0.08029125649263646,,0.006504159657724566,,,,0.0005878113793356529,,,,,,0.008108421859173702,,,,,,0.05690502838792421,,0.027817329167174765,,,,,,,,,0.00350861125111331,,3.2185218473335492e-06,,,0.003645839853760698,,,,0.001755281073062193,,0.36745465734779414,0.006257143215140904,,0.11720228448987137,,0.0008674175113829978,0.008414302055629073,,,1.595071772078818e-05,0.0023735659408621384,,0.0012870853390879843,,0.062265775149073464,0.10717895398081415,,,2.013309697010022e-05,,,0.11232391798595005,0.0008100643811759018,,,,0.2280844729742278,,0.003936847586104738,0.03491440376656112,,0.14260378716381744,0.03892901432137871,,,
68.34170854271356,,,,0.32836459706525306,,,,,0.33477986559025324,0.00023444373988064317,,,,,0.005021151040117919,,,,,0.020963163613204876,0.0016037940104764773,,,0.24601017208870504,0.1436581305570772,,0.01864320113226789,,,,0.0021470556349757874,,,,,,0.019083163834367502,,,,,,0.12752131063303912,,0.06788061728460484,,,,,,,,,0.009776644548057342,,1.894925410569019e-05,,,0.011463759010598616,,,,0.00680797604924081,,0.46045138580599115,0.016819970283508255,,0.20376290360099505,,0.0027297494031401047,0.022472980202416185,,,8.466761018290905e-05,0.006951217952372374,,0.004869145171163169,,0.12938326326864602,0.19596630697991618,,,0.00011435599079016924,,,0.2114206112367877,0.0027972633008053454,,,,0.37174806958786477,,0.010050079228039242,0.0765461843540752,,0.23563226573814106,0.09016817015169507,,,
68.5929648241206,,,,0.42908758224507315,,,,,0.4309469629459144,0.0008916147529765919,,,,,0.01606163852621964,,,,,0.044883079443460275,0.005501713950268059,,,0.3848770055501184,0.23052327288009805,,0.04650508843128394,,,,0.0068773381453075206,,,,,,0.04068134701625997,,,,,,0.24330466817453297,,0.14272876293745837,,,,,,,,,0.024284590349858592,,9.758264395166917e-05,,,0.03127148972190902,,,,0.022195595787989728,,0.5170474282153987,0.0400737045673384,,0.31351833080269026,,0.007697911563778193,0.052830587554763636,,,0.0003912650079241308,0.0181730307552399,,0.015706978452992404,,0.2335322323525543,0.31353299049902467,,,0.0005572841241323741,,,0.34311405797166983,0.008503693740035909,,,,0.5168927342078279,,0.02326347010269512,0.14756460864334595,,0.3461173250369046,0.1799205952287799,,,
68.84422110552764,,,,0.5017204085133329,,,,,0.4992829221365385,0.002992289564736189,,,,,0.04381974893596055,,,,,0.08666133793155455,0.016443762451567,,,0.5190863083094471,0.33189025534468986,,0.10092145091258453,,,,0.019293358838592917,,,,,,0.07852726352355481,,,,,,0.39473126462533253,,0.25824193779409077,,,,,,,,,0.05373741888998781,,0.00043877715847082213,,,0.07390169100197433,,,,0.06076509021976053,,0.5202099998755497,0.08453910374786673,,0.4270181370857811,,0.019432638198400177,0.1091833614289039,,,0.0015713243366086175,0.04233902683626986,,0.043139289220689284,,0.36580309600260924,0.43898202442455286,,,0.0023249700381071732,,,0.48026597731665543,0.02273490713966382,,,,0.613902688622191,,0.04878306144407185,0.25003819466586824,,0.4519550554085861,0.308811017214696,,,
69.09547738693468,,,,0.525342363930147,,,,,0.5199850794234938,0.008860215997725206,,,,,0.10191910933638856,,,,,0.15087809292214385,0.042717035442351545,,,0.6030954522229612,0.4288860710862227,,0.1904744538496478,,,,0.04734686332837855,,,,,,0.13722000538323284,,,,,,0.5438969711166276,,0.40165689670721,,,,,,,,,0.10587237120444261,,0.0017197975661061115,,,0.1511087483153496,,,,0.13958042960859432,,0.46892067607995697,0.15777242521028684,,0.5150266971633888,,0.04387083783062984,0.19815582173592214,,,0.005475024546873701,0.08775514444743604,,0.10086483981297943,,0.4968592984536965,0.5379702864246899,,,0.008271481559195973,,,0.5800594983882608,0.05340689297039288,,,,0.6220485626569849,,0.09259182439851162,0.37227076485450467,,0.5246708040743104,0.4553056045817741,,,
69.3467336683417,,,,0.49299106656307745,,,,,0.4862295109884779,0.023143493440033195,,,,,0.20203491144016364,,,,,0.2368346502100838,0.09623155706708704,,,0.6032425885344845,0.49765717988892766,,0.3125652055531463,,,,0.10153218761094113,,,,,,0.21702792047149935,,,,,,0.6357945365027543,,0.5365419117998066,,,,,,,,,0.18562565000490022,,0.005866402816694334,,,0.26702555451370374,,,,0.2688450894515283,,0.3787017609518984,0.26027181697891055,,0.5503321761770444,,0.08849264827405032,0.31553114278606303,,,0.016526332935566965,0.16156009633065388,,0.20075687905004655,,0.5848178978489171,0.5772429199935546,,,0.02506973234716879,,,0.6048751583130256,0.11015084463782931,,,,0.5387384873011387,,0.15893496858269837,0.4869038324400209,,0.5415934121861423,0.5759730748958823,,,
69.59798994974875,,,,0.4149670779683934,,,,,0.4077666581647374,0.053319698200114465,,,,,0.3412918649148258,,,,,0.3351659968748868,0.1876091273361177,,,0.5192072788851936,0.5187213597427879,,0.445849177635056,,,,0.1900759531092291,,,,,,0.31065425960465237,,,,,,0.6298935222958589,,0.6150955157212288,,,,,,,,,0.28951169651680203,,0.017388374562355886,,,0.40737702466713244,,,,0.43399694982677367,,0.2740379452502955,0.37925564094943603,,0.5213148090900425,,0.1593510260089768,0.44049849537417535,,,0.04315615699796273,0.2638066989910198,,0.3401586571003489,,0.5961930193159055,0.5425535211343085,,,0.06468361394553798,,,0.5449750894163373,0.1993412596021867,,,,0.39840729370173555,,0.2465247556999947,0.5593784156352184,,0.4972428396622089,0.6245343974015749,,,
69.84924623115577,,,,0.3135725829960172,,,,,0.3063731172239573,0.10833013007921237,,,,,0.4913158799121009,,,,,0.4276250755048064,0.31593954213429015,,,0.3843892037929101,0.48588191583330553,,0.5526933906084218,,,,0.31037917235734075,,,,,,0.40243238508327067,,,,,,0.5284234152034541,,0.6047392349193318,,,,,,,,,0.4015340644882096,,0.04472036982883062,,,0.536077827676833,,,,0.587015509311782,,0.17770942540501772,0.48783648926769674,,0.4381058791538523,,0.255963882191943,0.5388587009894529,,,0.0973759014979327,0.3815434452910952,,0.49074491938397174,,0.5262259373955451,0.4469503910092207,,,0.14194316558247938,,,0.42460077522068135,0.3163925887373902,,,,0.25178156107544625,,0.345276585213724,0.5644677638759956,,0.40618557518058374,0.579969882443088,,,
70.10050251256281,,,,0.21290888313893963,,,,,0.20603793633632944,0.1940612197895296,,,,,0.602837765480874,,,,,0.4918828600316514,0.45883476761663844,,,0.2447261588853209,0.40916771307025707,,0.5953183935721779,,,,0.44175480615937807,,,,,,0.471819681429856,,,,,,0.3750859207760908,,0.5096324726927369,,,,,,,,,0.49509991125136527,,0.09965900278251666,,,0.6080081284471176,,,,0.6651654015667562,,0.10329997708638998,0.553640124894094,,0.3269191181958589,,0.36649853444851843,0.5774019543326071,,,0.18964012937203098,0.4881873933945248,,0.6030295788929767,,0.4020495374010983,0.32293303461356887,,,0.2646729140644527,,,0.2863610811859401,0.4402993304490761,,,,0.13625825658200622,,0.4363500203616164,0.5003624745353966,,0.2953455630180933,0.46095852177822405,,,
70.35175879396985,,,,0.13000854354921842,,,,,0.1239184085249594,0.3064616860878696,,,,,0.6306330170583915,,,,,0.5101232710422534,0.5738507848951184,,,0.13397607360849806,0.30990825484304657,,0.5570829355852489,,,,0.5476791193975504,,,,,,0.5006784524660391,,,,,,0.22513458508620982,,0.3679805095940079,,,,,,,,,0.5426162414871131,,0.19219398481541372,,,0.5939644519222468,,,,0.6314361461481919,,0.05384143723927959,0.5541326578110913,,0.21682798362256067,,0.4674839411244583,0.5418579962242709,,,0.3184692033020842,0.5520236258352228,,0.6314476972094604,,0.2658733945289451,0.20481446937637374,,,0.4190204833521502,,,0.16736793163495498,0.5371684833500524,,,,0.06294539026886156,,0.4972664775488478,0.3897033404559287,,0.1912542345677791,0.31340761174314763,,,
70.60301507537687,,,,0.0714618064981024,,,,,0.06660409164053566,0.42655557284653717,,,,,0.5627079012439454,,,,,0.47701837864173724,0.6173365581186117,,,0.0630718897899072,0.21121332938495024,,0.45284931152270846,,,,0.591171000126955,,,,,,0.4809366500542781,,,,,,0.11421186845009222,,0.22759536983496043,,,,,,,,,0.5285251598514183,,0.3203815044942703,,,0.49952651920166047,,,,0.5022404069671571,,0.025172724327359973,0.48899625632883686,,0.12796390853158585,,0.5309269769811248,0.4453659011158186,,,0.46079983289110477,0.5511517061176936,,0.5637963138752589,,0.15219071766594447,0.11413470750301795,,,0.5628497174587886,,,0.08488114337068131,0.574566379386817,,,,0.025178156107544626,,0.5107269380888229,0.26676613746841327,,0.1103632388026454,0.18222313000175758,,,
70.85427135678393,,,,0.03539264796276301,,,,,0.03197277975296286,0.5231726635556825,,,,,0.42852228124130803,,,,,0.4022396298045323,0.5707142969723525,,,0.02553873122416194,0.12959007864539532,,0.3197676866682064,,,,0.5553703000808721,,,,,,0.4182342549089993,,,,,,0.04895550709656407,,0.12055935449303067,,,,,,,,,0.4574905878392294,,0.4611472282179093,,,0.36152742825640305,,,,0.3348081653837492,,0.0105620090740985,0.38038976283821807,,0.06728071989919296,,0.5366546079244516,0.32068959274279507,,,0.574083330079008,0.48552662769624083,,0.4295619339090081,,0.07542479534847094,0.055943966761378215,,,0.6411046494099316,,,0.03740637899777437,0.5389449557418327,,,,0.008516141036375388,,0.47253221152856284,0.16057207334964138,,0.05678844655659562,0.09058782078866554,,,
71.10552763819095,,,,0.01580937261272409,,,,,0.01370152908597843,0.5653106189217406,,,,,0.27871569407674607,,,,,0.305899871085259,0.4530915022964927,,,0.008897817932186624,0.07161497440682513,,0.1961452224508733,,,,0.45397502605141693,,,,,,0.3293194811141216,,,,,,0.017727640392907442,,0.05470565455191637,,,,,,,,,0.35191647001109644,,0.5725943151717694,,,0.22511708889662657,,,,0.18713572316152063,,0.003979311128158707,0.2608343538742589,,0.03155786922025744,,0.48263044485940637,0.20239283019128407,,,0.6154977281520453,0.37717528367203323,,0.27953981126284694,,0.032375249429264306,0.0241486136424495,,,0.6189348883503362,,,0.014346588009391982,0.4435205093866966,,,,0.0025918690110707703,,0.3936927334913959,0.08503535338859648,,0.02607571911420106,0.03850403202436174,,,
71.35678391959799,,,,0.006375555150266089,,,,,0.005239875968207239,0.5380232951956231,,,,,0.15495951665405067,,,,,0.20983866446220242,0.3087606897685689,,,0.0026688888308158292,0.035665945363556044,,0.10452883004134503,,,,0.3228620146469839,,,,,,0.23482723139654715,,,,,,0.005423477151815946,,0.021261518384322574,,,,,,,,,0.2405811629599293,,0.6128211079854906,,,0.12059379984482854,,,,0.08774447107849156,,0.0013470859126508967,0.15767094423238268,,0.013224204343485684,,0.386113697105099,0.11203366853355615,,,0.5676746310765208,0.2582833490415,,0.1555364741694453,,0.012042365460415923,0.009192094685910014,,,0.5062942374220194,,,0.0047967864810536985,0.32042317164313333,,,,0.0007405340031630773,,0.29529283777979864,0.03964764447392415,,0.010692992401822836,0.01399532603922589,,,
71.60804020100502,,,,0.002323684898977539,,,,,0.0017879362154779412,0.4509052427808728,,,,,0.07371772812119141,,,,,0.12986246193332818,0.18056129626282127,,,0.0006897050080474114,0.016016876886683133,,0.04840677831276726,,,,0.19978106610021598,,,,,,0.15166358309285763,,,,,,0.0014021018533861222,,0.007083653841052853,,,,,,,,,0.146183492701039,,0.5649361899641664,,,0.05558061065533931,,,,0.03453516486823644,,0.00041004420110664813,0.08404001803368419,,0.0049585452762367695,,0.2747725672038677,0.05444288628850244,,,0.4502863290854016,0.15587723707741835,,0.07408197022578125,,0.0038842201642617894,0.0030899666896703096,,,0.3508546489546637,,,0.001400674845345604,0.20339380724892178,,,,0.0,,0.19936680483090494,0.01628810482078456,,0.003919410365174247,0.004351552315708093,,,
71.85929648241206,,,,0.0007662350368214991,,,,,0.0005443033200769297,0.3326911699728639,,,,,0.030040287574220385,,,,,0.07252170418714983,0.09061225202524087,,,0.00015370477618633288,0.006490175990337439,,0.019486501150689735,,,,0.10757803463400895,,,,,,0.08873286844674269,,,,,,0.0003064484471213508,,0.0020269173434905334,,,,,,,,,0.07896354876857284,,0.448334273289562,,,0.022044827628284174,,,,0.011418446549269412,,0.00011232577136788366,0.03951158421289572,,0.0016664273036010135,,0.1739501949510705,0.023252154723576456,,,0.30715102622518065,0.0829063232539256,,0.030245446761473203,,0.0010873019193151263,0.0009187464563451896,,,0.2059744671861861,,,0.0003578908384520018,0.1135549236849855,,,,0.0,,0.12115544112043938,0.005901358826775764,,0.0012852801908468802,0.0011579993297812262,,,
72.1105527638191,,,,0.00022885382237947268,,,,,0.00014785336274111558,0.21606200780531845,,,,,0.010499098791394804,,,,,0.03655516088160124,0.03902946110621076,,,2.9571606342937965e-05,0.0023746404912894288,,0.006822120681579455,,,,0.05042767090311393,,,,,,0.04703550161514031,,,,,,5.6664270122654975e-05,,0.0004961724747086202,,,,,,,,,0.037927227160130667,,0.30616784356262133,,,0.007527524825650094,,,,0.0031741597911681303,,2.7717428768554857e-05,0.016393934905882528,,0.0005028477943457213,,0.09798646835672171,0.008739718373281078,,,0.18018175453077726,0.038866201801541954,,0.010600380404935212,,0.0002644105931544681,0.00024203315495352647,,,0.1024549145092036,,,8.018341499142976e-05,0.05583010975551796,,,,0.0,,0.066276778296108,0.0018875462058786342,,0.0003774442888212735,0.00026391796988594186,,,
72.36180904522612,,,,6.198234087894708e-05,,,,,3.58452197601132e-05,0.12348649870833452,,,,,0.0031513597954347296,,,,,0.016636166527414564,0.014434804320158484,,,4.91959081756372e-06,0.0007851311948034518,,0.0020783640476656276,,,,0.0205873461018432,,,,,,0.022592900963000973,,,,,,8.881727836019202e-06,,0.00010556861164013194,,,,,,,,,0.016203348501577088,,0.1798676284029322,,,0.002214183601433674,,,,0.000742584847991221,,6.1675332939267135e-06,0.006006755601668709,,0.00013649659746270437,,0.04913091340647588,0.0028954469101101533,,,0.0909184854693789,0.016064665927485487,,0.003194270547771825,,5.592225014614122e-05,5.659418359403588e-05,,,0.04319354623965301,,,1.5786480430162925e-05,0.02420775629201908,,,,0.0,,0.032643778356858125,0.0005335586351736564,,9.936522646795013e-05,5.155786014257655e-05,,,
72.61306532663316,,,,1.5240877824618415e-05,,,,,7.75917214505741e-06,0.06210219798414467,,,,,0.0008135810251023768,,,,,0.006837991717605584,0.004586606376090599,,,7.082048319789531e-07,0.0002347826622908021,,0.0005513930558792535,,,,0.00732478722056932,,,,,,0.009835358402554922,,,,,,1.1823079262233353e-06,,2.1113722328026388e-05,,,,,,,,,0.006159575828704232,,0.09089236611059016,,,0.0005614673467612605,,,,0.00014636063133734173,,1.2389873968813784e-06,0.0019450621010685877,,3.339687556334243e-05,,0.02193871018816129,0.0008469814104194552,,,0.03947567198756945,0.005857284659045401,,0.0008291188988108496,,1.0299775686075135e-05,1.176815635639146e-05,,,0.015442890699945672,,,2.73746711107162e-06,0.009272200697244623,,,,0.0,,0.014481292044430716,0.0001334491269589955,,2.3475725527301413e-05,8.642294920868955e-06,,,
72.8643216080402,,,,3.4065810383842545e-06,,,,,1.5004578120097453e-06,0.027479563427763573,,,,,0.0001809475398080506,,,,,0.0025394691104930534,0.001253021785541583,,,8.92013719668147e-08,6.356035583126293e-05,,0.00012750388763803166,,,,0.002272987702236487,,,,,,0.0038810493559320015,,,,,,1.4418389344187017e-07,,0.0,,,,,,,,,0.0020844134191896004,,0.03950883925333217,,,0.00012285716579591487,,,,2.433180842255538e-05,,2.2500136786033613e-07,0.0005571393570209881,,7.380731370504412e-06,,0.008730047613156005,0.0002191829661223823,,,0.014755845123612148,0.0018850779508849497,,0.00018572747313749056,,1.654369134763612e-06,2.180435965007984e-06,,,0.0046845690030029195,,,4.1910169974089496e-07,0.003143119288379925,,,,0.0,,0.005788760628113656,2.9569196534155433e-05,,4.983261182423757e-06,1.2444782244204419e-06,,,
73.11557788944724,,,,6.930174076534013e-07,,,,,2.5939544940232865e-07,0.010698686768220778,,,,,3.4717959914473795e-05,,,,,0.000852487894972543,0.00029458231725508325,,,1.0812287511129055e-08,1.5594278293037984e-05,,2.5725201988065134e-05,,,,0.0006157686432627277,,,,,,0.0013884235210123573,,,,,,0.0,,0.0,,,,,,,,,0.0006282492214704651,,0.014775192251075046,,,2.322424218087593e-05,,,,3.416275123420546e-06,,3.69904171504414e-08,0.0001413163662904412,,1.476594122684357e-06,,0.0030982327257417417,5.028285954226923e-05,,,0.004751669800205095,0.0005359526461297808,,3.599604121068629e-05,,2.3210505273231488e-07,3.607168448725413e-07,,,0.0012071804943272091,,,5.679196893914164e-08,0.0009448957386712875,,,,0.0,,0.0020863928709524263,5.811951707768099e-06,,9.516100719743234e-07,1.541543215864231e-07,,,
73.36683417085428,,,,1.2848454668528107e-07,,,,,4.0123821735260334e-08,0.003665320232437064,,,,,5.771640544157444e-06,,,,,0.0002588106322704645,5.966171434262685e-05,,,0.0,3.471479493238346e-06,,4.534032968638092e-06,,,,0.00014579176100536754,,,,,,0.0004503901722890559,,,,,,0.0,,0.0,,,,,,,,,0.00016875569384637907,,0.004755467522520511,,,3.7978123091654873e-06,,,,4.056590966780212e-07,,5.513929952193807e-09,3.177911990765916e-05,,2.6803906693900094e-07,,0.0009815343235397224,1.0249002557905273e-05,,,0.001319279221478726,0.0001347456282815146,,6.049754825325426e-06,,2.8492433069952742e-08,5.339410753728094e-08,,,0.0002649515561265189,,,6.8294408476983114e-09,0.0002524835353091025,,,,0.0,,0.0006785127061665605,1.0147414742039294e-06,,1.636942144684703e-07,1.6450838532977603e-08,,,
73.6180904522613,,,,2.1737901748276027e-08,,,,,5.558779446061569e-09,0.0011052099360655133,,,,,8.371081705266524e-07,,,,,7.110013479484921e-05,1.0421936691604175e-05,,,0.0,7.021015746673678e-07,,6.990126743592828e-07,,,,3.020531432101712e-05,,,,,,0.00013250771551934746,,,,,,0.0,,0.0,,,,,,,,,4.042629999818785e-05,,0.0013179375154024177,,,5.380826123971089e-07,,,,4.079868497676619e-08,,7.465254359054088e-10,6.344471230959195e-06,,4.42553901411586e-08,,0.00027787585768410025,1.8604297855544226e-06,,,0.00031613128632552746,2.9990999468570327e-05,,9.074632237988139e-07,,3.0659762036825756e-09,7.086957592126548e-09,,,4.912475660704454e-05,,,7.30783609033627e-10,6.0113638725824e-05,,,,0.0,,0.00019927359937914397,1.5759873121078127e-07,,2.540131353924066e-08,1.5149735383782713e-09,,,
73.86934673366834,,,,3.360750193167883e-09,,,,,6.905471308772085e-10,0.0002934092939715656,,,,,8.81166495291213e-08,,,,,1.768599294744073e-05,1.572344930454562e-06,,,0.0,1.291948452760293e-07,,9.440834846439326e-08,,,,5.483647048943101e-06,,,,,,3.5365896272100344e-05,,,,,,0.0,,0.0,,,,,,,,,8.643484034569623e-06,,0.00031472458341341773,,,6.61679426782774e-08,,,,3.4809619928033646e-09,,9.196986597698779e-11,1.1261521257085388e-06,,6.663005466195185e-09,,7.038263850558816e-05,3.0149509617233186e-07,,,6.54549534150153e-05,5.917251280463245e-06,,0.0,,2.897723420838296e-10,8.453108604136708e-10,,,8.053238788040087e-06,,,6.977672311936355e-11,1.2786412536029882e-05,,,,0.0,,5.290662406283673e-05,2.180444550552754e-08,,3.561170118378316e-09,1.205964163119304e-10,,,
74.12060301507537,,,,4.754570852668247e-10,,,,,7.702043509499799e-11,6.861267903791941e-05,,,,,0.0,,,,,3.986284978968004e-06,2.0518062815251552e-07,,,0.0,2.166388930543502e-08,,1.118863873455945e-08,,,,8.736742169602811e-07,,,,,,8.565331646584466e-06,,,,,,0.0,,0.0,,,,,,,,,1.6508771147637244e-06,,6.481373239278655e-05,,,7.075803999450863e-09,,,,2.523808682337474e-10,,1.0330802777657289e-11,1.7801261035940106e-07,,9.171986364219706e-10,,1.597050880227661e-05,4.3730223105827744e-08,,,1.1725686101602709e-05,1.0364121803647121e-06,,0.0,,2.410451000441118e-11,9.08078753976521e-11,,,8.053238788040087e-07,,,5.962073000096371e-12,2.4365850276871954e-06,,,,0.0,,1.2712710123129664e-05,2.691409811294502e-09,,4.518117743986307e-10,8.322621423421449e-12,,,
74.37185929648241,,,,6.163959024065224e-11,,,,,7.72396883922734e-12,1.414188693495313e-05,,,,,0.0,,,,,8.147633805905666e-07,2.3196154242953558e-08,,,0.0,3.3160848152444352e-09,,1.1656485531463001e-09,,,,1.2235874633555718e-07,,,,,,1.8830743806580633e-06,,,,,,0.0,,0.0,,,,,,,,,2.8194679253898577e-07,,1.1522445535940676e-05,,,6.594244335640026e-10,,,,1.5578042115785233e-11,,1.0603373843630234e-12,2.5102688742966598e-08,,1.1575684300574061e-10,,3.2511044740587087e-06,5.691693629581256e-09,,,1.8201350772843373e-06,1.614069046391355e-07,,0.0,,1.7686568100145804e-12,8.805356189896255e-12,,,0.0,,,4.572290282308526e-13,4.1721983842223763e-07,,,,0.0,,2.768179222891971e-06,2.968380516346003e-10,,5.196586089121366e-11,4.895659660836146e-13,,,
74.62311557788945,,,,7.333484382036517e-12,,,,,6.975568623609284e-13,2.5711321485423658e-06,,,,,0.0,,,,,1.5114746201705867e-07,2.2758798716056707e-09,,,0.0,4.6423051940367216e-10,,1.0696174473902107e-10,,,,1.5089917793837106e-08,,,,,,3.75949374436023e-07,,,,,,0.0,,0.0,,,,,,,,,4.310394489276357e-08,,1.7704330146459875e-06,,,5.368218687604781e-11,,,,8.197290793932851e-13,,9.967186770312438e-14,3.163940614726636e-09,,1.3432800438443959e-11,,5.946643482802754e-07,6.664998900318746e-10,,,2.452221185278772e-07,2.2389392953503052e-08,,0.0,,1.1473250990189218e-13,7.724221286514876e-13,,,0.0,,,3.1581641759988064e-14,6.439601735445651e-08,,,,0.0,,5.470145639514273e-07,2.92982232239964e-11,,5.428723137722459e-12,2.33126650516007e-14,,,
74.87437185929647,,,,8.018703166255856e-13,,,,,5.6828166712352395e-14,4.127350720726171e-07,,,,,0.0,,,,,2.547405662693036e-08,1.9416081893973226e-10,,,0.0,5.955974477646444e-11,,8.663055344359045e-12,,,,1.6417655369169004e-09,,,,,,6.819234514112724e-08,,,,,,0.0,,0.0,,,,,,,,,5.905851130397162e-09,,2.3543069988136174e-07,,,3.827071515717305e-12,,,,3.827528775377207e-14,,8.601573452788868e-15,3.5715475459847437e-10,,1.4375167259990343e-12,,9.789465649111711e-08,7.040561341779599e-11,,,2.8727564721485794e-08,2.7714217028050316e-09,,0.0,,6.595701656184595e-15,6.143480402757106e-14,,,0.0,,,1.980995623063184e-15,8.988455666695798e-09,,,,0.0,,9.82499535283151e-08,2.592009381635087e-12,,5.161515659477994e-13,0.0,,,
75.12562814070351,,,,8.070385319051667e-14,,,,,4.183971464087431e-15,5.856541727332526e-08,,,,,0.0,,,,,3.9046917362887355e-09,1.4432550594093545e-11,,,0.0,7.018561631683042e-12,,6.206839195587369e-13,,,,1.5789021178620078e-10,,,,,,1.124414909542924e-08,,,,,,0.0,,0.0,,,,,,,,,7.261567713861285e-10,,2.713705650534664e-08,,,2.39577689980725e-13,,,,0.0,,6.83244892808877e-16,3.618627534961445e-11,,1.4230348166752191e-13,,1.452965316579565e-08,6.726935182798998e-12,,,2.9321349183286132e-09,3.067354544468147e-10,,0.0,,3.368515785476785e-16,4.440091596296697e-15,,,0.0,,,1.14288209022876e-16,1.1384650487597363e-09,,,,0.0,,1.6066914688504888e-08,2.0587912186520098e-13,,4.476067465557177e-14,0.0,,,
75.37688442211055,,,,7.487671723699372e-15,,,,,2.789359664912273e-16,7.355390338428325e-09,,,,,0.0,,,,,5.449716603714365e-10,9.368113083428444e-13,,,0.0,7.614789980609607e-13,,3.9433449296364313e-14,,,,1.3449454282133223e-11,,,,,,1.6864773559516316e-09,,,,,,0.0,,0.0,,,,,,,,,8.023747240659055e-11,,2.715946503235845e-09,,,1.3207314837340996e-14,,,,0.0,,5.008852915769593e-17,3.2982761544586543e-12,,1.307194414367621e-14,,1.947905950274539e-09,5.82887460344585e-13,,,2.613044192157304e-10,3.0418223783280514e-11,,0.0,,1.532237839025483e-17,2.922471004568319e-16,,,0.0,,,0.0,1.313071741788162e-10,,,,0.0,,2.3965821131384036e-09,1.4705909499209485e-14,,3.5485785437713657e-15,0.0,,,
75.62814070351759,,,,6.414181632944911e-16,,,,,1.6873765673872343e-17,8.188717909866171e-10,,,,,0.0,,,,,6.934448049233977e-11,5.3225279003405716e-14,,,0.0,7.625936028493483e-14,,2.227173670469482e-15,,,,1.0169063294334234e-12,,,,,,2.3025894055073008e-10,,,,,,0.0,,0.0,,,,,,,,,7.979763398114366e-12,,2.364591272777381e-10,,,6.431081587101932e-16,,,,0.0,,3.3984589201995146e-18,2.7110540940104313e-13,,1.1178508952052857e-15,,2.3634549135704277e-10,4.59264844473221e-14,,,2.0379150491146966e-11,2.7086978800889476e-12,,0.0,,6.223928085607033e-19,1.755699440368278e-17,,,0.0,,,0.0,1.384075617888705e-11,,,,0.0,,3.2670554358313676e-10,9.46274101853164e-16,,2.578141731336433e-16,0.0,,,
75.87939698492463,,,,5.081262721515816e-17,,,,,9.282413869078498e-19,8.094717911479553e-11,,,,,0.0,,,,,8.05562671820413e-12,2.653649171188265e-15,,,0.0,7.0686264163251496e-15,,1.1212420842125673e-16,,,,6.839749806414838e-14,,,,,,2.8641593866113037e-11,,,,,,0.0,,0.0,,,,,,,,,7.154617647194591e-13,,1.7945622885815423e-11,,,2.7747935248358663e-17,,,,0.0,,2.1402659022922213e-19,2.0146724443045638e-14,,8.928317338825495e-17,,2.6006675843560277e-11,3.2991687324892795e-15,,,1.3943312631132901e-12,2.1708379863545185e-13,,0.0,,2.2637436883076695e-20,9.648311488917458e-19,,,0.0,,,0.0,1.3382560025212337e-12,,,,0.0,,4.0786555796770904e-11,5.49477047918576e-17,,1.7209368554695345e-17,0.0,,,
76.13065326633165,,,,3.728615741458906e-18,,,,,4.654221645065187e-20,7.118201330941715e-12,,,,,0.0,,,,,8.55622082843507e-13,1.164147012349127e-16,,,0.0,6.081789233437267e-16,,5.0456892085812506e-18,,,,4.101789418965506e-15,,,,,,3.248859507298892e-12,,,,,,0.0,,0.0,,,,,,,,,5.793416783742962e-14,,1.1898484090381347e-12,,,1.0643579466763624e-18,,,,0.0,,1.254843750087139e-20,1.3572065713877914e-15,,6.6825288365585084e-18,,2.600831221172967e-12,2.16650398693001e-16,,,8.390997377578003e-14,1.56944632763073e-14,,0.0,,7.392986003696809e-22,4.8608621041387165e-20,,,0.0,,,0.0,1.1914156696667557e-13,,,,0.0,,4.673131925922441e-12,2.884527454211847e-18,,1.0582576909219965e-18,0.0,,,
76.38190954773869,,,,2.5386094214855553e-19,,,,,2.132109061300822e-21,5.579601413043155e-13,,,,,0.0,,,,,8.322485681637388e-14,4.5067946340904674e-18,,,0.0,4.871819484991318e-17,,2.0356045986728288e-19,,,,2.198403213495819e-16,,,,,,3.364137536288874e-13,,,,,,0.0,,0.0,,,,,,,,,4.244761376257153e-15,,6.908566698720183e-14,,,3.642000759304543e-20,,,,0.0,,6.870180605499642e-22,8.311395763906876e-17,,4.702791625288735e-19,,2.3691870753880715e-13,1.3040051240593488e-17,,,4.453660267770516e-15,1.026012121095067e-15,,0.0,,2.1741024279029174e-23,2.250078855547093e-21,,,0.0,,,0.0,9.803811391528397e-15,,,,0.0,,4.924929790952515e-13,1.3715226956513586e-19,,6.011672246718784e-20,0.0,,,
76.63316582914572,,,,1.6064302052558788e-20,,,,,8.945963156049974e-23,3.907085295394305e-14,,,,,0.0,,,,,7.42596715121951e-15,1.5443970841943844e-19,,,0.0,3.6448329958623145e-18,,7.384937858648005e-21,,,,1.0556201521314622e-17,,,,,,3.183689405850275e-14,,,,,,0.0,,0.0,,,,,,,,,2.8197397167190653e-16,,3.5216532905966097e-15,,,1.1156255801208475e-21,,,,0.0,,3.5232345693335234e-23,4.640325510227797e-18,,3.122350567771205e-20,,1.970393764613712e-14,7.213021905619029e-19,,,2.0908529766573622e-16,6.079908696022978e-17,,0.0,,5.774004175671996e-25,9.591137440699752e-23,,,0.0,,,0.0,7.485456470170555e-16,,,,0.0,,4.7851293827756083e-14,5.917984660728993e-21,,3.1639231941990467e-21,0.0,,,
76.88442211055276,,,,9.464805742901459e-22,,,,,3.446799739598361e-24,2.4498424980924944e-15,,,,,0.0,,,,,6.089322006058384e-16,4.699978586569669e-21,,,0.0,2.555048841844792e-19,,2.4168936050638763e-22,,,,4.55283305612633e-19,,,,,,2.757128366750134e-15,,,,,,0.0,,0.0,,,,,,,,,1.7018305310792936e-17,,1.5802634421391423e-16,,,3.0703951175534334e-23,,,,0.0,,1.697689458590519e-24,2.369055699606809e-19,,1.9624108417199136e-21,,1.499733664792579e-15,3.676464814155394e-20,,,8.708366928504319e-18,3.2737328737566717e-18,,0.0,,1.389033706522107e-26,3.773128453117829e-24,,,0.0,,,0.0,5.323956925582225e-17,,,,0.0,,4.2964850122178965e-15,2.3219780447006893e-22,,1.547270016021056e-22,0.0,,,
77.1356783919598,,,,5.201571902134607e-23,,,,,1.2227156244427682e-25,1.3789191165650817e-16,,,,,0.0,,,,,4.597621525797023e-17,1.2745903651821316e-22,,,0.0,1.6838348267830926e-20,,7.15887460304663e-24,,,,1.7684094721672468e-20,,,,,,2.1880567399209968e-16,,,,,,0.0,,0.0,,,,,,,,,9.352649741271354e-19,,6.259750805989285e-18,,,7.620207724571509e-25,,,,0.0,,7.710269349702708e-26,1.1094377479619503e-20,,1.1715238836839254e-22,,1.0472619861352119e-16,1.731334169639493e-21,,,3.227867131256576e-19,1.6056876715424497e-19,,0.0,,3.036134369481037e-28,1.3729999041053396e-25,,,0.0,,,0.0,3.54126017663937e-18,,,,0.0,,3.5735557442040946e-16,8.301589883551734e-24,,7.0521909398673e-24,0.0,,,
77.38693467336682,,,,2.6714401890823164e-24,,,,,4.004369085879433e-27,6.985377512993286e-18,,,,,0.0,,,,,3.2027413578744595e-18,3.0913686160057835e-24,,,0.0,1.046756186097047e-21,,1.9255894533360854e-25,,,,6.20318160703746e-22,,,,,,1.593647767686439e-17,,,,,,0.0,,0.0,,,,,,,,,4.6910101058989325e-20,,2.1953472328349827e-19,,,1.7117577879834072e-26,,,,0.0,,3.31072965197894e-27,4.7810026632433965e-22,,6.665476539996809e-24,,6.726324541902386e-18,7.553298451656707e-23,,,1.0682487511468413e-20,7.191575013378872e-21,,0.0,,6.048781532445649e-30,4.631945406611663e-27,,,0.0,,,0.0,2.2116238280042746e-19,,,,0.0,,2.7599962288326822e-17,2.7103544544458796e-25,,3.004865155624578e-25,0.0,,,
77.63819095477388,,,,1.2846589800122025e-25,,,,,1.2140774087915955e-28,3.1935605666828984e-19,,,,,0.0,,,,,2.062776758975845e-19,6.730940638861695e-26,,,0.0,6.159072183782749e-23,,4.7195222241303235e-27,,,,1.970763441746722e-23,,,,,,1.0670032528193083e-18,,,,,,0.0,,0.0,,,,,,,,,2.152551734474573e-21,,6.83725358666084e-21,,,3.4067929674911237e-28,,,,0.0,,1.3482222874162636e-28,1.9021596663199632e-23,,3.626503652863406e-25,,3.983893761738118e-19,3.0610580719985605e-24,,,3.1671642152020787e-22,2.9485368969249297e-22,,0.0,,1.101921155509614e-31,1.4520302761474408e-28,,,0.0,,,0.0,1.3020344308742236e-20,,,,0.0,,1.9842488256187722e-18,8.099070294556824e-27,,1.2006105385876067e-26,0.0,,,
77.8894472361809,,,,5.796121096037141e-27,,,,,3.417340996236517e-30,1.3213546800799944e-20,,,,,0.0,,,,,1.2310627504079854e-20,1.3208436384694015e-27,,,0.0,3.4417908610397186e-24,,1.0576741526685026e-28,,,,5.687984574438751e-25,,,,,,6.578639967922747e-20,,,,,,0.0,,0.0,,,,,,,,,9.058897840197758e-23,,1.8960852596426033e-22,,,9.444818510440578e-30,,,,0.0,,5.222920196377197e-30,7.011234827441424e-25,,1.893082643588165e-26,,2.181686118070891e-20,1.1554872459421405e-25,,,8.441578140860498e-24,1.1093872265301893e-23,,0.0,,1.8416070848439637e-33,4.2394665053901434e-30,,,0.0,,,0.0,7.254689596325074e-22,,,,0.0,,1.3311411069830782e-19,2.22030807264084e-28,,4.512195226308217e-28,0.0,,,
78.14070351758794,,,,2.4586994367855194e-28,,,,,8.955780375368976e-32,4.959765875618514e-22,,,,,0.0,,,,,6.823339068070364e-22,2.3455404180492285e-29,,,0.0,1.832797521829739e-25,,2.174911423997214e-30,,,,1.49610424583841e-26,,,,,,3.7420484681548825e-21,,,,,,0.0,,0.0,,,,,,,,,3.505453102106806e-24,,4.777537662091599e-24,,,0.0,,,,0.0,,1.9306285486277637e-31,2.39814207874481e-26,,9.512860832103373e-28,,1.1076309363335587e-21,4.0738171222904564e-27,,,2.02998615378761e-25,3.8399745890896584e-25,,0.0,,2.8124726402626206e-35,1.1555323700318691e-31,,,0.0,,,0.0,3.840799994305751e-23,,,,0.0,,8.35316517242373e-21,5.597951208541193e-30,,1.5999438425539518e-29,0.0,,,
78.39195979899498,,,,9.827481101221965e-30,,,,,2.191536191590063e-33,1.7301508868436677e-23,,,,,0.0,,,,,3.520670497658353e-23,3.819709586645054e-31,,,0.0,9.331387866993169e-27,,4.117988533999979e-32,,,,3.598151051963064e-28,,,,,,1.9676076541786186e-22,,,,,,0.0,,0.0,,,,,,,,,1.2505543937765548e-25,,0.0,,,0.0,,,,0.0,,6.830092773749008e-33,6.661505774291139e-28,,4.616735719198337e-29,,5.227472061132926e-23,1.3451419488510765e-28,,,4.4205920799772174e-27,1.2257962024451329e-26,,0.0,,5.62494528052524e-37,2.9471861726680286e-33,,,0.0,,,0.0,1.9397219425716365e-24,,,,0.0,,4.915089179052751e-22,1.301359569665648e-31,,5.368551836744807e-31,0.0,,,
78.643216080402,,,,3.709717608312552e-31,,,,,5.022156687467377e-35,9.61194937135371e-25,,,,,0.0,,,,,1.6951806756480823e-24,0.0,,,0.0,4.55934984855705e-28,,7.20527905465752e-34,,,,7.941084913670852e-30,,,,,,9.583434628585474e-24,,,,,,0.0,,0.0,,,,,,,,,4.124012063030577e-27,,0.0,,,0.0,,,,0.0,,2.3195215094828186e-34,0.0,,2.1709457177125597e-30,,2.2996652753161493e-24,4.171132867791283e-30,,,8.739583492357334e-29,3.617706512239819e-28,,0.0,,0.0,7.050381735012797e-35,,,0.0,,,0.0,9.381227419981583e-26,,,,0.0,,2.718401827051433e-23,2.796915949314763e-33,,1.7097153256332914e-32,0.0,,,
78.89447236180905,,,,1.3256848465962616e-32,,,,,1.0809364004539577e-36,0.0,,,,,0.0,,,,,7.63559112651063e-26,0.0,,,0.0,2.2002224470248499e-29,,1.1665689898016938e-35,,,,1.6092066344883665e-31,,,,,,4.333090085432893e-25,,,,,,0.0,,0.0,,,,,,,,,1.2606336837143158e-28,,0.0,,,0.0,,,,0.0,,7.584232178957203e-36,0.0,,9.923053766916435e-32,,9.455793826413179e-26,1.2180024928978873e-31,,,1.6853191307576126e-30,9.896008091299683e-30,,0.0,,0.0,1.585721856233895e-36,,,0.0,,,0.0,4.361536110372783e-27,,,,0.0,,1.4165763581961845e-24,5.572948926202932e-35,,5.18264047287504e-34,0.0,,,
79.14572864321607,,,,4.496017448579828e-34,,,,,2.1915540816920115e-38,0.0,,,,,0.0,,,,,3.225508002647048e-27,0.0,,,0.0,1.2223458039026944e-30,,0.0,,,,3.498275292366014e-33,,,,,,1.8228384542755045e-26,,,,,,0.0,,0.0,,,,,,,,,3.581975794609354e-30,,0.0,,,0.0,,,,0.0,,2.39477445134266e-37,0.0,,4.4228255279981867e-33,,3.643951530283371e-27,3.3584374857547274e-33,,,0.0,2.5158034606943302e-31,,0.0,,0.0,3.3611205650598093e-38,,,0.0,,,0.0,1.9565707872739392e-28,,,,0.0,,6.971820830785832e-26,1.0324586563946876e-36,,1.4995045295750511e-35,0.0,,,
79.39698492462311,,,,1.4509141733771255e-35,,,,,4.197774655113571e-40,0.0,,,,,0.0,,,,,1.2811185597042426e-28,0.0,,,0.0,0.0,,0.0,,,,0.0,,,,,,7.151375820865417e-28,,,,,,0.0,,0.0,,,,,,,,,9.487502859100006e-32,,0.0,,,0.0,,,,0.0,,7.324228411107839e-39,0.0,,1.928277588298953e-34,,1.319655547927342e-28,8.768059976525322e-35,,,0.0,6.0022577453511634e-33,,0.0,,0.0,6.730082923570244e-40,,,0.0,,,0.0,8.499496100419976e-30,,,,0.0,,3.248345601704583e-27,1.783815109097044e-38,,4.152229559808407e-37,0.0,,,
79.64824120603015,,,,4.467560539097652e-37,,,,,7.618503230388935e-42,0.0,,,,,0.0,,,,,4.7965920617351045e-30,0.0,,,0.0,0.0,,0.0,,,,0.0,,,,,,2.622847097451794e-29,,,,,,0.0,,0.0,,,,,,,,,2.3492149459436657e-33,,0.0,,,0.0,,,,0.0,,2.1763026209621763e-40,0.0,,8.24880280249766e-36,,4.503192115131945e-30,2.1733124859146438e-36,,,0.0,1.7149307843860467e-34,,0.0,,0.0,1.2760741490090825e-41,,,0.0,,,0.0,3.5878615003171047e-31,,,,0.0,,1.4361923952229376e-28,2.8831910440924975e-40,,1.1032548166554087e-38,0.0,,,
79.89949748743719,,,,1.316297119058633e-38,,,,,1.3139116937373974e-43,0.0,,,,,0.0,,,,,1.6972664144877585e-31,0.0,,,0.0,0.0,,0.0,,,,0.0,,,,,,9.015301197538834e-31,,,,,,0.0,,0.0,,,,,,,,,5.453739501210033e-35,,0.0,,,0.0,,,,0.0,,6.301862950064783e-42,0.0,,3.472771727572559e-37,,1.4517511878669767e-31,5.128128327856756e-38,,,0.0,0.0,,0.0,,0.0,2.296650883971471e-43,,,0.0,,,0.0,1.4766268524167719e-32,,,,0.0,,6.039727284685231e-30,4.373702093120454e-42,,2.8197560142291007e-40,0.0,,,
80.15075376884423,,,,3.722041073903881e-40,,,,,2.1595477260408695e-45,0.0,,,,,0.0,,,,,5.690666178210846e-33,0.0,,,0.0,0.0,,0.0,,,,0.0,,,,,,2.911530146111102e-32,,,,,,0.0,,0.0,,,,,,,,,1.1905223548097889e-36,,0.0,,,0.0,,,,0.0,,1.7838704285924721e-43,0.0,,1.443144838755255e-38,,4.4329468926759895e-33,1.154959379225049e-39,,,0.0,0.0,,0.0,,0.0,3.9330422220542196e-45,,,0.0,,,0.0,5.940142502277384e-34,,,,0.0,,2.4215425588975615e-31,6.247857365709196e-44,,6.949068697683255e-42,0.0,,,
80.40201005025125,,,,1.0131818934825272e-41,,,,,3.392375583678949e-47,0.0,,,,,0.0,,,,,1.8125525004905546e-34,0.0,,,0.0,0.0,,0.0,,,,0.0,,,,,,8.857904728325681e-34,,,,,,0.0,,0.0,,,,,,,,,2.4509421007766904e-38,,0.0,,,0.0,,,,0.0,,4.9519696955820096e-45,0.0,,5.936684167441821e-40,,1.285319101061984e-34,2.489333608472047e-41,,,0.0,0.0,,0.0,,0.0,6.424472812096337e-47,,,0.0,,,0.0,2.3143412346535265e-35,,,,0.0,,9.277882417061702e-33,8.43373412006989e-46,,1.6550850891882702e-43,0.0,,,
80.65326633165829,,,,2.663484198143179e-43,,,,,5.107673659011689e-49,0.0,,,,,0.0,,,,,5.4984931220327566e-36,0.0,,,0.0,0.0,,0.0,,,,0.0,,,,,,2.545460609165853e-35,,,,,,0.0,,0.0,,,,,,,,,4.7727707694262285e-40,,0.0,,,0.0,,,,0.0,,1.3524255326008058e-46,0.0,,2.424336180936263e-41,,3.547365739295433e-36,5.147861064624553e-43,,,0.0,0.0,,0.0,,0.0,1.0034478908798731e-48,,,0.0,,,0.0,7.71447078217842e-37,,,,0.0,,3.4048332033347896e-34,1.0795958867124657e-47,,3.8181938014237815e-45,0.0,,,
80.90452261306532,,,,6.783964341708646e-45,,,,,7.391669931090214e-51,0.0,,,,,0.0,,,,,1.5926596456248802e-37,0.0,,,0.0,0.0,,0.0,,,,0.0,,,,,,6.927933931846775e-37,,,,,,0.0,,0.0,,,,,,,,,8.817545920200943e-42,,0.0,,,0.0,,,,0.0,,3.645814654117892e-48,0.0,,9.854362171442045e-43,,9.341185471904336e-38,1.0239883439731365e-44,,,0.0,0.0,,0.0,,0.0,1.5024924337082643e-50,,,0.0,,,0.0,0.0,,,,0.0,,1.1996034922573258e-35,1.3153545804700988e-49,,8.550214199195562e-47,0.0,,,
81.15577889447236,,,,1.679703694122012e-46,,,,,1.0310334973359714e-52,0.0,,,,,0.0,,,,,4.4158636978673796e-39,0.0,,,0.0,0.0,,0.0,,,,0.0,,,,,,1.7907542220828954e-38,,,,,,0.0,,0.0,,,,,,,,,1.5501338546208628e-43,,0.0,,,0.0,,,,0.0,,9.733518846577866e-50,0.0,,3.997377816440338e-44,,2.3522700947401185e-39,1.9640871910069117e-46,,,0.0,0.0,,0.0,,0.0,2.1536569454502943e-52,,,0.0,,,0.0,0.0,,,,0.0,,4.067015400474294e-37,1.5310564266339942e-51,,1.8624910503537746e-48,0.0,,,
81.4070351758794,,,,4.056638349531522e-48,,,,,1.3899955563023903e-54,0.0,,,,,0.0,,,,,1.1748795545845892e-40,0.0,,,0.0,0.0,,0.0,,,,0.0,,,,,,4.408287874370879e-40,,,,,,0.0,,0.0,,,,,,,,,2.6010343360970166e-45,,0.0,,,0.0,,,,0.0,,2.5823032620681483e-51,0.0,,1.6222016634846857e-45,,5.676909363183348e-41,3.641423733248119e-48,,,0.0,0.0,,0.0,,0.0,3.378285404627913e-54,,,0.0,,,0.0,0.0,,,,0.0,,1.329867783315354e-38,1.709098012077454e-53,,3.9546980223915522e-50,0.0,,,
81.65829145728642,,,,9.588923164448907e-50,,,,,1.812038180217145e-56,0.0,,,,,0.0,,,,,3.006841166057071e-42,0.0,,,0.0,0.0,,0.0,,,,0.0,,,,,,1.0363913016807241e-41,,,,,,0.0,,0.0,,,,,,,,,4.178258956064385e-47,,0.0,,,0.0,,,,0.0,,6.831084362252518e-53,0.0,,6.601359748512601e-47,,1.3157959431115545e-42,6.541036214438642e-50,,,0.0,0.0,,0.0,,0.0,0.0,,,0.0,,,0.0,0.0,,,,0.0,,4.203700453722742e-40,1.8367913057921025e-55,,8.20224602498734e-52,0.0,,,
81.90954773869346,,,,2.2260662656823655e-51,,,,,2.704534597339022e-58,0.0,,,,,0.0,,,,,7.419991893484923e-44,0.0,,,0.0,0.0,,0.0,,,,0.0,,,,,,2.3335886853224948e-43,,,,,,0.0,,0.0,,,,,,,,,6.445245581566382e-49,,0.0,,,0.0,,,,0.0,,1.8080427004898512e-54,0.0,,2.699716555890247e-48,,2.93488794326686e-44,1.1409935913377194e-51,,,0.0,0.0,,0.0,,0.0,0.0,,,0.0,,,0.0,0.0,,,,0.0,,1.2874807066394375e-41,1.9080170128368357e-57,,1.665147993005286e-53,0.0,,,
82.1608040201005,,,,5.092933477607581e-53,,,,,0.0,0.0,,,,,0.0,,,,,1.7696609767117092e-45,0.0,,,0.0,0.0,,0.0,,,,0.0,,,,,,5.0466690079462745e-45,,,,,,0.0,,0.0,,,,,,,,,9.576485975647039e-51,,0.0,,,0.0,,,,0.0,,4.804598068394263e-56,0.0,,1.111876415309942e-49,,6.311890177516373e-46,1.9358077783072494e-53,,,0.0,0.0,,0.0,,0.0,0.0,,,0.0,,,0.0,0.0,,,,0.0,,3.829402085706853e-43,1.9233695409393129e-59,,3.315750479455634e-55,0.0,,,
82.41206030150754,,,,1.1522639028997079e-54,,,,,0.0,0.0,,,,,0.0,,,,,4.088557180075323e-47,0.0,,,0.0,0.0,,0.0,,,,0.0,,,,,,1.0512417324449717e-46,,,,,,0.0,,0.0,,,,,,,,,1.3747645672145884e-52,,0.0,,,0.0,,,,0.0,,1.2862344632008281e-57,0.0,,4.6204695645395713e-51,,1.311285712294546e-47,3.237136753022156e-55,,,0.0,0.0,,0.0,,0.0,0.0,,,0.0,,,0.0,0.0,,,,0.0,,1.1086661101907186e-44,1.8890274388406444e-61,,6.489948432333131e-57,0.0,,,
82.66331658291458,,,,2.586851106595961e-56,,,,,0.0,0.0,,,,,0.0,,,,,9.171186866653483e-49,0.0,,,0.0,0.0,,0.0,,,,0.0,,,,,,2.1152271509241346e-48,,,,,,0.0,,0.0,,,,,,,,,1.9127987746806533e-54,,0.0,,,0.0,,,,0.0,,3.4807014362957938e-59,0.0,,1.9408264446918486e-52,,2.6362118564481057e-49,0.0,,,0.0,0.0,,0.0,,0.0,0.0,,,0.0,,,0.0,0.0,,,,0.0,,3.1315087444176692e-46,1.8148738133650477e-63,,1.2513213796168855e-58,0.0,,,
82.9145728643216,,,,5.782175368146149e-58,,,,,0.0,0.0,,,,,0.0,,,,,2.0018065146901233e-50,0.0,,,0.0,0.0,,0.0,,,,0.0,,,,,,4.1229486179761004e-50,,,,,,0.0,,0.0,,,,,,,,,2.5960430797306404e-56,,0.0,,,0.0,,,,0.0,,9.553001169039906e-61,0.0,,8.254359330143765e-54,,5.1375709982647306e-51,0.0,,,0.0,0.0,,0.0,,0.0,0.0,,,0.0,,,0.0,0.0,,,,0.0,,8.649699319625457e-48,1.712448123332579e-65,,2.3818823874500707e-60,0.0,,,
83.16582914572864,,,,1.2910835473094862e-59,,,,,0.0,0.0,,,,,0.0,,,,,4.260987098399497e-52,0.0,,,0.0,0.0,,0.0,,,,0.0,,,,,,7.807184289439513e-52,,,,,,0.0,,0.0,,,,,,,,,2.8527945931105943e-58,,0.0,,,0.0,,,,0.0,,2.667760073951715e-62,0.0,,3.56000962770523e-55,,9.72206926629954e-53,0.0,,,0.0,0.0,,0.0,,0.0,0.0,,,0.0,,,0.0,0.0,,,,0.0,,2.341883374835993e-49,1.593184946096383e-67,,4.486095373190285e-62,0.0,,,
83.41708542713567,,,,2.8891948310212784e-61,,,,,0.0,0.0,,,,,0.0,,,,,8.863937865691106e-54,0.0,,,0.0,0.0,,0.0,,,,0.0,,,,,,1.4403041952915873e-53,,,,,,0.0,,0.0,,,,,,,,,0.0,,0.0,,,0.0,,,,0.0,,7.604145849045675e-64,0.0,,1.5592682653195392e-56,,1.7893549353678013e-54,0.0,,,0.0,0.0,,0.0,,0.0,0.0,,,0.0,,,0.0,0.0,,,,0.0,,6.229919416741915e-51,1.4671121178719205e-69,,8.379174248235665e-64,0.0,,,
83.66834170854271,,,,6.500450979173934e-63,,,,,0.0,0.0,,,,,0.0,,,,,1.805910174552818e-55,0.0,,,0.0,0.0,,0.0,,,,0.0,,,,,,2.5961119712096665e-55,,,,,,0.0,,0.0,,,,,,,,,0.0,,0.0,,,0.0,,,,0.0,,2.219000408775328e-65,0.0,,6.945209436718327e-58,,3.208301706703126e-56,0.0,,,0.0,0.0,,0.0,,0.0,0.0,,,0.0,,,0.0,0.0,,,,0.0,,1.6323181620947343e-52,1.344967142670236e-71,,1.5556681547284462e-65,0.0,,,
83.91959798994975,,,,1.475038308004656e-64,,,,,0.0,0.0,,,,,0.0,,,,,3.611039911072869e-57,0.0,,,0.0,0.0,,0.0,,,,0.0,,,,,,4.5849742867666643e-57,,,,,,0.0,,0.0,,,,,,,,,0.0,,0.0,,,0.0,,,,0.0,,6.649744989936315e-67,0.0,,3.1499740181953223e-59,,5.612997925288408e-58,0.0,,,0.0,0.0,,0.0,,0.0,0.0,,,0.0,,,0.0,0.0,,,,0.0,,4.222825293635993e-54,0.0,,2.8775258291467675e-67,0.0,,,
84.17085427135677,,,,3.385828657977834e-66,,,,,0.0,0.0,,,,,0.0,,,,,7.101320925344158e-59,0.0,,,0.0,0.0,,0.0,,,,0.0,,,,,,7.9566293344570826e-59,,,,,,0.0,,0.0,,,,,,,,,0.0,,0.0,,,0.0,,,,0.0,,2.057738677667589e-68,0.0,,1.4565471623341503e-60,,9.597600634591471e-60,0.0,,,0.0,0.0,,0.0,,0.0,0.0,,,0.0,,,0.0,0.0,,,,0.0,,1.0813542007998233e-55,0.0,,5.315078797913359e-69,0.0,,,
84.42211055276383,,,,7.884830837933083e-68,,,,,0.0,0.0,,,,,0.0,,,,,1.3762956737676248e-60,0.0,,,0.0,0.0,,0.0,,,,0.0,,,,,,1.360614717645196e-60,,,,,,0.0,,0.0,,,,,,,,,0.0,,0.0,,,0.0,,,,0.0,,1.0830203566671523e-69,0.0,,6.874808313252888e-62,,1.606805602603843e-61,0.0,,,0.0,0.0,,0.0,,0.0,0.0,,,0.0,,,0.0,0.0,,,,0.0,,2.74796252004684e-57,0.0,,9.826087226255217e-71,0.0,,,
84.67336683417085,,,,1.8680984087482968e-69,,,,,0.0,0.0,,,,,0.0,,,,,2.634126119488962e-62,0.0,,,0.0,0.0,,0.0,,,,0.0,,,,,,2.299280347612435e-62,,,,,,0.0,,0.0,,,,,,,,,0.0,,0.0,,,0.0,,,,0.0,,0.0,0.0,,3.316102564580057e-63,,2.589716999316769e-63,0.0,,,0.0,0.0,,0.0,,0.0,0.0,,,0.0,,,0.0,0.0,,,,0.0,,6.948065169295945e-59,0.0,,1.8222448800707198e-72,0.0,,,
84.92462311557789,,,,4.514885414999182e-71,,,,,0.0,0.0,,,,,0.0,,,,,4.988746286291507e-64,0.0,,,0.0,0.0,,0.0,,,,0.0,,,,,,3.8506964611951844e-64,,,,,,0.0,,0.0,,,,,,,,,0.0,,0.0,,,0.0,,,,0.0,,0.0,0.0,,1.6365746436434727e-64,,4.556770704046545e-65,0.0,,,0.0,0.0,,0.0,,0.0,0.0,,,0.0,,,0.0,0.0,,,,0.0,,1.7525870684918052e-60,0.0,,3.397328181380899e-74,0.0,,,
85.17587939698493,,,,1.1159204667857532e-72,,,,,0.0,0.0,,,,,0.0,,,,,9.367959060659342e-66,0.0,,,0.0,0.0,,0.0,,,,0.0,,,,,,6.409452371617529e-66,,,,,,0.0,,0.0,,,,,,,,,0.0,,0.0,,,0.0,,,,0.0,,0.0,0.0,,8.273604243474543e-66,,0.0,0.0,,,0.0,0.0,,0.0,,0.0,0.0,,,0.0,,,0.0,0.0,,,,0.0,,4.422104151954607e-62,0.0,,6.381010789372708e-76,0.0,,,
85.42713567839195,,,,2.8274455654833786e-74,,,,,0.0,0.0,,,,,0.0,,,,,1.7476559010490245e-67,0.0,,,0.0,0.0,,0.0,,,,0.0,,,,,,1.0633707938519797e-67,,,,,,0.0,,0.0,,,,,,,,,0.0,,0.0,,,0.0,,,,0.0,,0.0,0.0,,4.289637548976172e-67,,0.0,0.0,,,0.0,0.0,,0.0,,0.0,0.0,,,0.0,,,0.0,0.0,,,,0.0,,1.1191811079216635e-63,0.0,,1.2098726793999574e-77,0.0,,,
85.678391959799,,,,7.360284695385242e-76,,,,,0.0,0.0,,,,,0.0,,,,,3.2454259340139853e-69,0.0,,,0.0,0.0,,0.0,,,,0.0,,,,,,1.7635286973910065e-69,,,,,,0.0,,0.0,,,,,,,,,0.0,,0.0,,,0.0,,,,0.0,,0.0,0.0,,2.2836904863275498e-68,,0.0,0.0,,,0.0,0.0,,0.0,,0.0,0.0,,,0.0,,,0.0,0.0,,,,0.0,,2.8498689877989456e-65,0.0,,2.3201698808471478e-79,0.0,,,
85.92964824120602,,,,1.972532056638093e-77,,,,,0.0,0.0,,,,,0.0,,,,,6.0107292171177915e-71,0.0,,,0.0,0.0,,0.0,,,,0.0,,,,,,2.932034775260953e-71,,,,,,0.0,,0.0,,,,,,,,,0.0,,0.0,,,0.0,,,,0.0,,0.0,0.0,,1.2499074684030904e-69,,0.0,0.0,,,0.0,0.0,,0.0,,0.0,0.0,,,0.0,,,0.0,0.0,,,,0.0,,7.511282603501098e-67,0.0,,4.508298735745757e-81,0.0,,,
86.18090452261306,,,,5.452461766139125e-79,,,,,0.0,0.0,,,,,0.0,,,,,1.1123542409804894e-72,0.0,,,0.0,0.0,,0.0,,,,0.0,,,,,,4.901176961149567e-73,,,,,,0.0,,0.0,,,,,,,,,0.0,,0.0,,,0.0,,,,0.0,,0.0,0.0,,7.041820093784212e-71,,0.0,0.0,,,0.0,0.0,,0.0,,0.0,0.0,,,0.0,,,0.0,0.0,,,,0.0,,0.0,0.0,,8.890967630109993e-83,0.0,,,
86.4321608040201,,,,1.5571356782834834e-80,,,,,0.0,0.0,,,,,0.0,,,,,2.060748214104799e-74,0.0,,,0.0,0.0,,0.0,,,,0.0,,,,,,8.260962874787657e-75,,,,,,0.0,,0.0,,,,,,,,,0.0,,0.0,,,0.0,,,,0.0,,0.0,0.0,,4.0889213840519547e-72,,0.0,0.0,,,0.0,0.0,,0.0,,0.0,0.0,,,0.0,,,0.0,0.0,,,,0.0,,0.0,0.0,,1.7969442486162554e-84,0.0,,,
86.68341708542712,,,,4.601129813800962e-82,,,,,0.0,0.0,,,,,0.0,,,,,3.82878872751859e-76,0.0,,,0.0,0.0,,0.0,,,,0.0,,,,,,1.4080214941436846e-76,,,,,,0.0,,0.0,,,,,,,,,0.0,,0.0,,,0.0,,,,0.0,,0.0,0.0,,2.4502187516751532e-73,,0.0,0.0,,,0.0,0.0,,0.0,,0.0,0.0,,,0.0,,,0.0,0.0,,,,0.0,,0.0,0.0,,0.0,0.0,,,
86.93467336683418,,,,1.4084970160847243e-83,,,,,0.0,0.0,,,,,0.0,,,,,7.147001957298061e-78,0.0,,,0.0,0.0,,0.0,,,,0.0,,,,,,2.4337519799627395e-78,,,,,,0.0,,0.0,,,,,,,,,0.0,,0.0,,,0.0,,,,0.0,,0.0,0.0,,1.517155208826215e-74,,0.0,0.0,,,0.0,0.0,,0.0,,0.0,0.0,,,0.0,,,0.0,0.0,,,,0.0,,0.0,0.0,,0.0,0.0,,,
87.1859296482412,,,,4.471557727359126e-85,,,,,0.0,0.0,,,,,0.0,,,,,1.3426597953661167e-79,0.0,,,0.0,0.0,,0.0,,,,0.0,,,,,,4.2781686745765114e-80,,,,,,0.0,,0.0,,,,,,,,,0.0,,0.0,,,0.0,,,,0.0,,0.0,0.0,,9.719356145862773e-76,,0.0,0.0,,,0.0,0.0,,0.0,,0.0,0.0,,,0.0,,,0.0,0.0,,,,0.0,,0.0,0.0,,0.0,0.0,,,
87.43718592964824,,,,1.4734652331999458e-86,,,,,0.0,0.0,,,,,0.0,,,,,2.542865876055024e-81,0.0,,,0.0,0.0,,0.0,,,,0.0,,,,,,7.669394701251561e-82,,,,,,0.0,,0.0,,,,,,,,,0.0,,0.0,,,0.0,,,,0.0,,0.0,0.0,,6.450175702018112e-77,,0.0,0.0,,,0.0,0.0,,0.0,,0.0,0.0,,,0.0,,,0.0,0.0,,,,0.0,,0.0,0.0,,0.0,0.0,,,
87.68844221105527,,,,5.042843650929049e-88,,,,,0.0,0.0,,,,,0.0,,,,,4.8631187636300885e-83,0.0,,,0.0,0.0,,0.0,,,,0.0,,,,,,1.4059456651178965e-83,,,,,,0.0,,0.0,,,,,,,,,0.0,,0.0,,,0.0,,,,0.0,,0.0,0.0,,4.439779536088564e-78,,0.0,0.0,,,0.0,0.0,,0.0,,0.0,0.0,,,0.0,,,0.0,0.0,,,,0.0,,0.0,0.0,,0.0,0.0,,,
87.9396984924623,,,,1.793305887203025e-89,,,,,0.0,0.0,,,,,0.0,,,,,9.406813243353159e-85,0.0,,,0.0,0.0,,0.0,,,,0.0,,,,,,2.642611215755124e-85,,,,,,0.0,,0.0,,,,,,,,,0.0,,0.0,,,0.0,,,,0.0,,0.0,0.0,,3.17333033233851e-79,,0.0,0.0,,,0.0,0.0,,0.0,,0.0,0.0,,,0.0,,,0.0,0.0,,,,0.0,,0.0,0.0,,0.0,0.0,,,
88.19095477386935,,,,6.627984356657455e-91,,,,,0.0,0.0,,,,,0.0,,,,,1.8432898697227937e-86,0.0,,,0.0,0.0,,0.0,,,,0.0,,,,,,5.105916572629547e-87,,,,,,0.0,,0.0,,,,,,,,,0.0,,0.0,,,0.0,,,,0.0,,0.0,0.0,,2.357840966346141e-80,,0.0,0.0,,,0.0,0.0,,0.0,,0.0,0.0,,,0.0,,,0.0,0.0,,,,0.0,,0.0,0.0,,0.0,0.0,,,
88.44221105527637,,,,2.5461468151899085e-92,,,,,0.0,0.0,,,,,0.0,,,,,3.66472945577351e-88,0.0,,,0.0,0.0,,0.0,,,,0.0,,,,,,1.0166446277918986e-88,,,,,,0.0,,0.0,,,,,,,,,0.0,,0.0,,,0.0,,,,0.0,,0.0,0.0,,1.8230906402335204e-81,,0.0,0.0,,,0.0,0.0,,0.0,,0.0,0.0,,,0.0,,,0.0,0.0,,,,0.0,,0.0,0.0,,0.0,0.0,,,
88.69346733668341,,,,1.0165185258979242e-93,,,,,0.0,0.0,,,,,0.0,,,,,7.403704874698894e-90,0.0,,,0.0,0.0,,0.0,,,,0.0,,,,,,2.0910095823152315e-90,,,,,,0.0,,0.0,,,,,,,,,0.0,,0.0,,,0.0,,,,0.0,,0.0,0.0,,1.468278365044187e-82,,0.0,0.0,,,0.0,0.0,,0.0,,0.0,0.0,,,0.0,,,0.0,0.0,,,,0.0,,0.0,0.0,,0.0,0.0,,,
88.94472361809045,,,,4.21665744122987e-95,,,,,0.0,0.0,,,,,0.0,,,,,1.5221816033620357e-91,0.0,,,0.0,0.0,,0.0,,,,0.0,,,,,,4.4527130348690486e-92,,,,,,0.0,,0.0,,,,,,,,,0.0,,0.0,,,0.0,,,,0.0,,0.0,0.0,,1.23279133562488e-83,,0.0,0.0,,,0.0,0.0,,0.0,,0.0,0.0,,,0.0,,,0.0,0.0,,,,0.0,,0.0,0.0,,0.0,0.0,,,
89.19597989949749,,,,1.8166817835426365e-96,,,,,0.0,0.0,,,,,0.0,,,,,3.1896003465513325e-93,0.0,,,0.0,0.0,,0.0,,,,0.0,,,,,,9.8382438246692e-94,,,,,,0.0,,0.0,,,,,,,,,0.0,,0.0,,,0.0,,,,0.0,,0.0,0.0,,1.0798525453880472e-84,,0.0,0.0,,,0.0,0.0,,0.0,,0.0,0.0,,,0.0,,,0.0,0.0,,,,0.0,,0.0,0.0,,0.0,0.0,,,
89.44723618090453,,,,8.125270851452522e-98,,,,,0.0,0.0,,,,,0.0,,,,,6.821703272803888e-95,0.0,,,0.0,0.0,,0.0,,,,0.0,,,,,,2.2601003948793824e-95,,,,,,0.0,,0.0,,,,,,,,,0.0,,0.0,,,0.0,,,,0.0,,0.0,0.0,,9.896815589096156e-86,,0.0,0.0,,,0.0,0.0,,0.0,,0.0,0.0,,,0.0,,,0.0,0.0,,,,0.0,,0.0,0.0,,0.0,0.0,,,
89.69849246231155,,,,3.770515115937566e-99,,,,,0.0,0.0,,,,,0.0,,,,,1.491294311358834e-96,0.0,,,0.0,0.0,,0.0,,,,0.0,,,,,,5.408771730523179e-97,,,,,,0.0,,0.0,,,,,,,,,0.0,,0.0,,,0.0,,,,0.0,,0.0,0.0,,9.237027883156413e-87,,0.0,0.0,,,0.0,0.0,,0.0,,0.0,0.0,,,0.0,,,0.0,0.0,,,,0.0,,0.0,0.0,,0.0,0.0,,,
89.94974874371859,,,,1.8142506778144928e-100,,,,,0.0,0.0,,,,,0.0,,,,,3.3370942837255476e-98,0.0,,,0.0,0.0,,0.0,,,,0.0,,,,,,1.3509048088916285e-98,,,,,,0.0,,0.0,,,,,,,,,0.0,,0.0,,,0.0,,,,0.0,,0.0,0.0,,8.797169412529916e-88,,0.0,0.0,,,0.0,0.0,,0.0,,0.0,0.0,,,0.0,,,0.0,0.0,,,,0.0,,0.0,0.0,,0.0,0.0,,,
90.20100502512562,,,,9.045695128623043e-102,,,,,0.0,0.0,,,,,0.0,,,,,7.654595300289797e-100,0.0,,,0.0,0.0,,0.0,,,,0.0,,,,,,3.5273817807555405e-100,,,,,,0.0,,0.0,,,,,,,,,0.0,,0.0,,,0.0,,,,0.0,,0.0,0.0,,0.0,,0.0,0.0,,,0.0,0.0,,0.0,,0.0,0.0,,,0.0,,,0.0,0.0,,,,0.0,,0.0,0.0,,0.0,0.0,,,
90.45226130653266,,,,4.670277777987811e-103,,,,,0.0,0.0,,,,,0.0,,,,,1.8023199372591573e-101,0.0,,,0.0,0.0,,0.0,,,,0.0,,,,,,9.64454953259683e-102,,,,,,0.0,,0.0,,,,,,,,,0.0,,0.0,,,0.0,,,,0.0,,0.0,0.0,,0.0,,0.0,0.0,,,0.0,0.0,,0.0,,0.0,0.0,,,0.0,,,0.0,0.0,,,,0.0,,0.0,0.0,,0.0,0.0,,,
90.7035175879397,,,,2.495228001256868e-104,,,,,0.0,0.0,,,,,0.0,,,,,4.362116489570119e-103,0.0,,,0.0,0.0,,0.0,,,,0.0,,,,,,2.7654695305486913e-103,,,,,,0.0,,0.0,,,,,,,,,0.0,,0.0,,,0.0,,,,0.0,,0.0,0.0,,0.0,,0.0,0.0,,,0.0,0.0,,0.0,,0.0,0.0,,,0.0,,,0.0,0.0,,,,0.0,,0.0,0.0,,0.0,0.0,,,
90.95477386934672,,,,1.3786866600311522e-105,,,,,0.0,0.0,,,,,0.0,,,,,1.0867003541156824e-104,0.0,,,0.0,0.0,,0.0,,,,0.0,,,,,,8.327720520340991e-105,,,,,,0.0,,0.0,,,,,,,,,0.0,,0.0,,,0.0,,,,0.0,,0.0,0.0,,0.0,,0.0,0.0,,,0.0,0.0,,0.0,,0.0,0.0,,,0.0,,,0.0,0.0,,,,0.0,,0.0,0.0,,0.0,0.0,,,
91.20603015075376,,,,7.873222734889945e-107,,,,,0.0,0.0,,,,,0.0,,,,,2.790303235329582e-106,0.0,,,0.0,0.0,,0.0,,,,0.0,,,,,,2.637088738879568e-106,,,,,,0.0,,0.0,,,,,,,,,0.0,,0.0,,,0.0,,,,0.0,,0.0,0.0,,0.0,,0.0,0.0,,,0.0,0.0,,0.0,,0.0,0.0,,,0.0,,,0.0,0.0,,,,0.0,,0.0,0.0,,0.0,0.0,,,
91.4572864321608,,,,4.649755719773937e-108,,,,,0.0,0.0,,,,,0.0,,,,,7.394228155750706e-108,0.0,,,0.0,0.0,,0.0,,,,0.0,,,,,,8.791286642886008e-108,,,,,,0.0,,0.0,,,,,,,,,0.0,,0.0,,,0.0,,,,0.0,,0.0,0.0,,0.0,,0.0,0.0,,,0.0,0.0,,0.0,,0.0,0.0,,,0.0,,,0.0,0.0,,,,0.0,,0.0,0.0,,0.0,0.0,,,
91.70854271356784,,,,2.8634859271335095e-109,,,,,0.0,0.0,,,,,0.0,,,,,2.0248469262236056e-109,0.0,,,0.0,0.0,,0.0,,,,0.0,,,,,,3.0546303527297605e-109,,,,,,0.0,,0.0,,,,,,,,,0.0,,0.0,,,0.0,,,,0.0,,0.0,0.0,,0.0,,0.0,0.0,,,0.0,0.0,,0.0,,0.0,0.0,,,0.0,,,0.0,0.0,,,,0.0,,0.0,0.0,,0.0,0.0,,,
91.95979899497488,,,,1.363564727206433e-110,,,,,0.0,0.0,,,,,0.0,,,,,5.7371061351626105e-111,0.0,,,0.0,0.0,,0.0,,,,0.0,,,,,,1.2183956993915026e-110,,,,,,0.0,,0.0,,,,,,,,,0.0,,0.0,,,0.0,,,,0.0,,0.0,0.0,,0.0,,0.0,0.0,,,0.0,0.0,,0.0,,0.0,0.0,,,0.0,,,0.0,0.0,,,,0.0,,0.0,0.0,,0.0,0.0,,,
92.2110552763819,,,,0.0,,,,,0.0,0.0,,,,,0.0,,,,,1.6839208855169969e-112,0.0,,,0.0,0.0,,0.0,,,,0.0,,,,,,0.0,,,,,,0.0,,0.0,,,,,,,,,0.0,,0.0,,,0.0,,,,0.0,,0.0,0.0,,0.0,,0.0,0.0,,,0.0,0.0,,0.0,,0.0,0.0,,,0.0,,,0.0,0.0,,,,0.0,,0.0,0.0,,0.0,0.0,,,
92.46231155778895,,,,0.0,,,,,0.0,0.0,,,,,0.0,,,,,5.126093808824035e-114,0.0,,,0.0,0.0,,0.0,,,,0.0,,,,,,0.0,,,,,,0.0,,0.0,,,,,,,,,0.0,,0.0,,,0.0,,,,0.0,,0.0,0.0,,0.0,,0.0,0.0,,,0.0,0.0,,0.0,,0.0,0.0,,,0.0,,,0.0,0.0,,,,0.0,,0.0,0.0,,0.0,0.0,,,
92.71356783919597,,,,0.0,,,,,0.0,0.0,,,,,0.0,,,,,1.6202213444575811e-115,0.0,,,0.0,0.0,,0.0,,,,0.0,,,,,,0.0,,,,,,0.0,,0.0,,,,,,,,,0.0,,0.0,,,0.0,,,,0.0,,0.0,0.0,,0.0,,0.0,0.0,,,0.0,0.0,,0.0,,0.0,0.0,,,0.0,,,0.0,0.0,,,,0.0,,0.0,0.0,,0.0,0.0,,,
92.96482412060301,,,,0.0,,,,,0.0,0.0,,,,,0.0,,,,,5.32290255540377e-117,0.0,,,0.0,0.0,,0.0,,,,0.0,,,,,,0.0,,,,,,0.0,,0.0,,,,,,,,,0.0,,0.0,,,0.0,,,,0.0,,0.0,0.0,,0.0,,0.0,0.0,,,0.0,0.0,,0.0,,0.0,0.0,,,0.0,,,0.0,0.0,,,,0.0,,0.0,0.0,,0.0,0.0,,,
93.21608040201005,,,,0.0,,,,,0.0,0.0,,,,,0.0,,,,,1.819477407325463e-118,0.0,,,0.0,0.0,,0.0,,,,0.0,,,,,,0.0,,,,,,0.0,,0.0,,,,,,,,,0.0,,0.0,,,0.0,,,,0.0,,0.0,0.0,,0.0,,0.0,0.0,,,0.0,0.0,,0.0,,0.0,0.0,,,0.0,,,0.0,0.0,,,,0.0,,0.0,0.0,,0.0,0.0,,,
93.46733668341707,,,,0.0,,,,,0.0,0.0,,,,,0.0,,,,,6.477062313537013e-120,0.0,,,0.0,0.0,,0.0,,,,0.0,,,,,,0.0,,,,,,0.0,,0.0,,,,,,,,,0.0,,0.0,,,0.0,,,,0.0,,0.0,0.0,,0.0,,0.0,0.0,,,0.0,0.0,,0.0,,0.0,0.0,,,0.0,,,0.0,0.0,,,,0.0,,0.0,0.0,,0.0,0.0,,,
93.71859296482413,,,,0.0,,,,,0.0,0.0,,,,,0.0,,,,,2.4033517665552484e-121,0.0,,,0.0,0.0,,0.0,,,,0.0,,,,,,0.0,,,,,,0.0,,0.0,,,,,,,,,0.0,,0.0,,,0.0,,,,0.0,,0.0,0.0,,0.0,,0.0,0.0,,,0.0,0.0,,0.0,,0.0,0.0,,,0.0,,,0.0,0.0,,,,0.0,,0.0,0.0,,0.0,0.0,,,
93.96984924623115,,,,0.0,,,,,0.0,0.0,,,,,0.0,,,,,9.303597921407897e-123,0.0,,,0.0,0.0,,0.0,,,,0.0,,,,,,0.0,,,,,,0.0,,0.0,,,,,,,,,0.0,,0.0,,,0.0,,,,0.0,,0.0,0.0,,0.0,,0.0,0.0,,,0.0,0.0,,0.0,,0.0,0.0,,,0.0,,,0.0,0.0,,,,0.0,,0.0,0.0,,0.0,0.0,,,
94.22110552763819,,,,0.0,,,,,0.0,0.0,,,,,0.0,,,,,3.7294308060045976e-124,0.0,,,0.0,0.0,,0.0,,,,0.0,,,,,,0.0,,,,,,0.0,,0.0,,,,,,,,,0.0,,0.0,,,0.0,,,,0.0,,0.0,0.0,,0.0,,0.0,0.0,,,0.0,0.0,,0.0,,0.0,0.0,,,0.0,,,0.0,0.0,,,,0.0,,0.0,0.0,,0.0,0.0,,,
94.47236180904522,,,,0.0,,,,,0.0,0.0,,,,,0.0,,,,,1.3319395735730705e-125,0.0,,,0.0,0.0,,0.0,,,,0.0,,,,,,0.0,,,,,,0.0,,0.0,,,,,,,,,0.0,,0.0,,,0.0,,,,0.0,,0.0,0.0,,0.0,,0.0,0.0,,,0.0,0.0,,0.0,,0.0,0.0,,,0.0,,,0.0,0.0,,,,0.0,,0.0,0.0,,0.0,0.0,,,
94.72361809045225,,,,0.0,,,,,0.0,0.0,,,,,0.0,,,,,0.0,0.0,,,0.0,0.0,,0.0,,,,0.0,,,,,,0.0,,,,,,0.0,,0.0,,,,,,,,,0.0,,0.0,,,0.0,,,,0.0,,0.0,0.0,,0.0,,0.0,0.0,,,0.0,0.0,,0.0,,0.0,0.0,,,0.0,,,0.0,0.0,,,,0.0,,0.0,0.0,,0.0,0.0,,,
94.9748743718593,,,,0.0,,,,,0.0,0.0,,,,,0.0,,,,,0.0,0.0,,,0.0,0.0,,0.0,,,,0.0,,,,,,0.0,,,,,,0.0,,0.0,,,,,,,,,0.0,,0.0,,,0.0,,,,0.0,,0.0,0.0,,0.0,,0.0,0.0,,,0.0,0.0,,0.0,,0.0,0.0,,,0.0,,,0.0,0.0,,,,0.0,,0.0,0.0,,0.0,0.0,,,
95.22613065326632,,,,0.0,,,,,0.0,0.0,,,,,0.0,,,,,0.0,0.0,,,0.0,0.0,,0.0,,,,0.0,,,,,,0.0,,,,,,0.0,,0.0,,,,,,,,,0.0,,0.0,,,0.0,,,,0.0,,0.0,0.0,,0.0,,0.0,0.0,,,0.0,0.0,,0.0,,0.0,0.0,,,0.0,,,0.0,0.0,,,,0.0,,0.0,0.0,,0.0,0.0,,,
95.47738693467336,,,,0.0,,,,,0.0,0.0,,,,,0.0,,,,,0.0,0.0,,,0.0,0.0,,0.0,,,,0.0,,,,,,0.0,,,,,,0.0,,0.0,,,,,,,,,0.0,,0.0,,,0.0,,,,0.0,,0.0,0.0,,0.0,,0.0,0.0,,,0.0,0.0,,0.0,,0.0,0.0,,,0.0,,,0.0,0.0,,,,0.0,,0.0,0.0,,0.0,0.0,,,
95.7286432160804,,,,0.0,,,,,0.0,0.0,,,,,0.0,,,,,0.0,0.0,,,0.0,0.0,,0.0,,,,0.0,,,,,,0.0,,,,,,0.0,,0.0,,,,,,,,,0.0,,0.0,,,0.0,,,,0.0,,0.0,0.0,,0.0,,0.0,0.0,,,0.0,0.0,,0.0,,0.0,0.0,,,0.0,,,0.0,0.0,,,,0.0,,0.0,0.0,,0.0,0.0,,,
95.97989949748742,,,,0.0,,,,,0.0,0.0,,,,,0.0,,,,,0.0,0.0,,,0.0,0.0,,0.0,,,,0.0,,,,,,0.0,,,,,,0.0,,0.0,,,,,,,,,0.0,,0.0,,,0.0,,,,0.0,,0.0,0.0,,0.0,,0.0,0.0,,,0.0,0.0,,0.0,,0.0,0.0,,,0.0,,,0.0,0.0,,,,0.0,,0.0,0.0,,0.0,0.0,,,
96.23115577889448,,,,0.0,,,,,0.0,0.0,,,,,0.0,,,,,0.0,0.0,,,0.0,0.0,,0.0,,,,0.0,,,,,,0.0,,,,,,0.0,,0.0,,,,,,,,,0.0,,0.0,,,0.0,,,,0.0,,0.0,0.0,,0.0,,0.0,0.0,,,0.0,0.0,,0.0,,0.0,0.0,,,0.0,,,0.0,0.0,,,,0.0,,0.0,0.0,,0.0,0.0,,,
96.4824120603015,,,,0.0,,,,,0.0,0.0,,,,,0.0,,,,,0.0,0.0,,,0.0,0.0,,0.0,,,,0.0,,,,,,0.0,,,,,,0.0,,0.0,,,,,,,,,0.0,,0.0,,,0.0,,,,0.0,,0.0,0.0,,0.0,,0.0,0.0,,,0.0,0.0,,0.0,,0.0,0.0,,,0.0,,,0.0,0.0,,,,0.0,,0.0,0.0,,0.0,0.0,,,
96.73366834170854,,,,0.0,,,,,0.0,0.0,,,,,0.0,,,,,0.0,0.0,,,0.0,0.0,,0.0,,,,0.0,,,,,,0.0,,,,,,0.0,,0.0,,,,,,,,,0.0,,0.0,,,0.0,,,,0.0,,0.0,0.0,,0.0,,0.0,0.0,,,0.0,0.0,,0.0,,0.0,0.0,,,0.0,,,0.0,0.0,,,,0.0,,0.0,0.0,,0.0,0.0,,,
96.98492462311557,,,,0.0,,,,,0.0,0.0,,,,,0.0,,,,,0.0,0.0,,,0.0,0.0,,0.0,,,,0.0,,,,,,0.0,,,,,,0.0,,0.0,,,,,,,,,0.0,,0.0,,,0.0,,,,0.0,,0.0,0.0,,0.0,,0.0,0.0,,,0.0,0.0,,0.0,,0.0,0.0,,,0.0,,,0.0,0.0,,,,0.0,,0.0,0.0,,0.0,0.0,,,
97.23618090452261,,,,0.0,,,,,0.0,0.0,,,,,0.0,,,,,0.0,0.0,,,0.0,0.0,,0.0,,,,0.0,,,,,,0.0,,,,,,0.0,,0.0,,,,,,,,,0.0,,0.0,,,0.0,,,,0.0,,0.0,0.0,,0.0,,0.0,0.0,,,0.0,0.0,,0.0,,0.0,0.0,,,0.0,,,0.0,0.0,,,,0.0,,0.0,0.0,,0.0,0.0,,,
97.48743718592965,,,,0.0,,,,,0.0,0.0,,,,,0.0,,,,,0.0,0.0,,,0.0,0.0,,0.0,,,,0.0,,,,,,0.0,,,,,,0.0,,0.0,,,,,,,,,0.0,,0.0,,,0.0,,,,0.0,,0.0,0.0,,0.0,,0.0,0.0,,,0.0,0.0,,0.0,,0.0,0.0,,,0.0,,,0.0,0.0,,,,0.0,,0.0,0.0,,0.0,0.0,,,
97.73869346733667,,,,0.0,,,,,0.0,0.0,,,,,0.0,,,,,0.0,0.0,,,0.0,0.0,,0.0,,,,0.0,,,,,,0.0,,,,,,0.0,,0.0,,,,,,,,,0.0,,0.0,,,0.0,,,,0.0,,0.0,0.0,,0.0,,0.0,0.0,,,0.0,0.0,,0.0,,0.0,0.0,,,0.0,,,0.0,0.0,,,,0.0,,0.0,0.0,,0.0,0.0,,,
97.98994974874371,,,,0.0,,,,,0.0,0.0,,,,,0.0,,,,,0.0,0.0,,,0.0,0.0,,0.0,,,,0.0,,,,,,0.0,,,,,,0.0,,0.0,,,,,,,,,0.0,,0.0,,,0.0,,,,0.0,,0.0,0.0,,0.0,,0.0,0.0,,,0.0,0.0,,0.0,,0.0,0.0,,,0.0,,,0.0,0.0,,,,0.0,,0.0,0.0,,0.0,0.0,,,
98.24120603015075,,,,0.0,,,,,0.0,0.0,,,,,0.0,,,,,0.0,0.0,,,0.0,0.0,,0.0,,,,0.0,,,,,,0.0,,,,,,0.0,,0.0,,,,,,,,,0.0,,0.0,,,0.0,,,,0.0,,0.0,0.0,,0.0,,0.0,0.0,,,0.0,0.0,,0.0,,0.0,0.0,,,0.0,,,0.0,0.0,,,,0.0,,0.0,0.0,,0.0,0.0,,,
98.49246231155779,,,,0.0,,,,,0.0,0.0,,,,,0.0,,,,,0.0,0.0,,,0.0,0.0,,0.0,,,,0.0,,,,,,0.0,,,,,,0.0,,0.0,,,,,,,,,0.0,,0.0,,,0.0,,,,0.0,,0.0,0.0,,0.0,,0.0,0.0,,,0.0,0.0,,0.0,,0.0,0.0,,,0.0,,,0.0,0.0,,,,0.0,,0.0,0.0,,0.0,0.0,,,
98.74371859296483,,,,0.0,,,,,0.0,0.0,,,,,0.0,,,,,0.0,0.0,,,0.0,0.0,,0.0,,,,0.0,,,,,,0.0,,,,,,0.0,,0.0,,,,,,,,,0.0,,0.0,,,0.0,,,,0.0,,0.0,0.0,,0.0,,0.0,0.0,,,0.0,0.0,,0.0,,0.0,0.0,,,0.0,,,0.0,0.0,,,,0.0,,0.0,0.0,,0.0,0.0,,,
98.99497487437185,,,,0.0,,,,,0.0,0.0,,,,,0.0,,,,,0.0,0.0,,,0.0,0.0,,0.0,,,,0.0,,,,,,0.0,,,,,,0.0,,0.0,,,,,,,,,0.0,,0.0,,,0.0,,,,0.0,,0.0,0.0,,0.0,,0.0,0.0,,,0.0,0.0,,0.0,,0.0,0.0,,,0.0,,,0.0,0.0,,,,0.0,,0.0,0.0,,0.0,0.0,,,
99.24623115577889,,,,0.0,,,,,0.0,0.0,,,,,0.0,,,,,0.0,0.0,,,0.0,0.0,,0.0,,,,0.0,,,,,,0.0,,,,,,0.0,,0.0,,,,,,,,,0.0,,0.0,,,0.0,,,,0.0,,0.0,0.0,,0.0,,0.0,0.0,,,0.0,0.0,,0.0,,0.0,0.0,,,0.0,,,0.0,0.0,,,,0.0,,0.0,0.0,,0.0,0.0,,,
99.49748743718592,,,,0.0,,,,,0.0,0.0,,,,,0.0,,,,,0.0,0.0,,,0.0,0.0,,0.0,,,,0.0,,,,,,0.0,,,,,,0.0,,0.0,,,,,,,,,0.0,,0.0,,,0.0,,,,0.0,,0.0,0.0,,0.0,,0.0,0.0,,,0.0,0.0,,0.0,,0.0,0.0,,,0.0,,,0.0,0.0,,,,0.0,,0.0,0.0,,0.0,0.0,,,
99.74874371859296,,,,0.0,,,,,0.0,0.0,,,,,0.0,,,,,0.0,0.0,,,0.0,0.0,,0.0,,,,0.0,,,,,,0.0,,,,,,0.0,,0.0,,,,,,,,,0.0,,0.0,,,0.0,,,,0.0,,0.0,0.0,,0.0,,0.0,0.0,,,0.0,0.0,,0.0,,0.0,0.0,,,0.0,,,0.0,0.0,,,,0.0,,0.0,0.0,,0.0,0.0,,,
100.0,,,,0.0,,,,,0.0,0.0,,,,,0.0,,,,,0.0,0.0,,,0.0,0.0,,0.0,,,,0.0,,,,,,0.0,,,,,,0.0,,0.0,,,,,,,,,0.0,,0.0,,,0.0,,,,0.0,,0.0,0.0,,0.0,,0.0,0.0,,,0.0,0.0,,0.0,,0.0,0.0,,,0.0,,,0.0,0.0,,,,0.0,,0.0,0.0,,0.0,0.0,,,
